날짜,종목명,기사제목,감정상태
2023-06-05 11:02:00,삼성생명,변액보험 6월 브랜드평판 1위는 미래에셋생명... 2위 삼성생명,0
2023-06-04 18:21:00,삼성생명,"[금융티타임] 전영묵 삼성생명 사장 ""보험맨답게 건강 실천…임원들과 지...",0
2023-05-27 18:56:00,삼성생명,"금감원, '퇴직연금법 위반' 삼성생명에 3780만원 과태료",2
2023-05-27 14:42:00,삼성생명,"금융감독원, 삼성생명에 과태료 3780만 부과…‘퇴직연금 위반’",2
2023-05-27 13:33:00,삼성생명,"삼성생명, 퇴직연금 법규 위반해 ‘과태료 3780만원’ 처분 받아",2
2023-05-27 11:01:00,삼성생명,"'퇴직연금 위반' 삼성생명, 금감원서 과태료 3780만원 부과받아",2
2023-05-27 10:13:00,삼성생명,"금감원, '퇴직연금 위반' 삼성생명에 과태료 3천780만원",2
2023-05-26 16:44:00,삼성생명,"라이프시맨틱스, 삼성생명과 3.9억 규모 공급계약",1
2023-05-26 15:27:00,삼성생명,"금감원, '퇴직연금법 위반' 삼성생명에 3780만원 과태료 처분",2
2023-05-24 09:57:00,삼성생명,"삼성생명, 행안부와 '지역-청년 상생 모색 심포지엄' 개최",0
2023-05-24 07:02:00,삼성생명,"삼성생명, 민관 협력 통한 ‘지역 청년활동’ 활성화 방안 모색",0
2023-05-23 18:12:00,삼성생명,"삼성생명, 지역 청년활동가 지원 앞장선다",0
2023-05-23 17:02:00,삼성생명,"삼성생명, 행안부와 함께 '지역-청년 상생 모색' 심포지엄 개최",0
2023-05-23 14:57:00,삼성생명,"삼성생명, 민관 협력 통한 '지역 청년활동' 활성화 방안 모색",0
2023-05-23 15:15:00,삼성생명,"삼성생명, 민관 협력 통한 '지역 청년활동' 활성화 방안 모색",0
2023-05-22 16:07:00,삼성생명,"삼성생명, 1분기 기준 적립금 45조 … 부동의 1위",1
2023-05-20 13:02:00,삼성생명,"삼성생명, IFRS17 도입 후 1분기 당기순이익 7068억 원···전...",1
2023-05-19 07:41:00,삼성생명,"삼성생명 1Q 호실적…""향후 CSM 성장률 상대적으로 높다""-하나",1
2023-05-18 16:58:00,삼성생명,"삼성생명 ""올해 연간 순익 1.8조원 전망""",1
2023-05-18 16:14:00,삼성생명,"삼성생명, 1분기 순익 7068억 “이익 늘면 배당금 상향” 시사",1
2023-05-17 16:13:00,삼성생명,"삼성생명, 보험 서비스 전과정 디지털화…컨설턴트와 모바일 소통 확대",0
2023-05-17 12:04:00,삼성생명,"“갑자기 순익 2배 급증”…삼성생명 등 생보사 역대급 실적, 왜?",1
2023-05-16 16:03:00,삼성생명,삼성생명·라덕연 의혹 정면돌파 나선 아난티..PF 상환카드로 진화,2
2023-05-15 18:24:00,삼성생명,"삼성생명, 1Q 순이익 7301억…전년 대비 142.7%↑",1
2023-05-15 18:12:00,삼성생명,"삼성생명, 1분기 순이익 7301억…전년대비 142.7% 증가",1
2023-05-12 14:48:00,삼성생명,"법무법인(유) 세종, 삼성생명과 업무 협약 체결",1
2023-05-11 14:12:00,삼성생명,"법무법인 세종, 삼성생명과 상속·자산관리 연구 MOU",1
2023-05-09 17:32:00,삼성생명,[금융티타임] 전영묵 삼성생명 사장이 이달 CEO 메시지에 추천한 책 ...,0
2023-05-09 11:05:00,삼성생명,"삼성생명, 장해보장 강화 ‘New스탠다드 종신보험’",0
2023-05-04 11:00:00,삼성생명,"'예상 수령액도 확인해보세요' 삼성생명, 인터넷 NEW 연금보험 출시 ...",1
2023-05-04 09:38:00,삼성생명,"삼성생명, '인터넷 NEW 연금보험' 출시 이벤트 실시",1
2023-05-04 09:15:00,삼성생명,"삼성생명, ‘인터넷 NEW 연금보험’ 출시 이벤트 진행",1
2023-05-04 08:58:00,삼성생명,"삼성생명, 5월 '인터넷 연금보험' 출시 이벤트",1
2023-05-04 09:45:00,삼성생명,"삼성생명, '보험스토리 웹소설·에세이 공모전' 개최",0
2023-05-03 18:21:00,삼성생명,삼성생명 웹소설·에세이 공모전,0
2023-05-03 14:49:00,삼성생명,"삼성생명, '보험스토리 웹소설 및 에세이 공모전' 개최",0
2023-05-03 11:35:00,삼성생명,"삼성생명, '보험스토리 웹소설 및 에세이 공모전’ 개최... 총상금 ...",0
2023-05-03 11:25:00,삼성생명,"삼성생명, 보험주제 '웹소설 및 에세이 공모전' 개최",0
2023-05-03 11:02:00,삼성생명,"삼성생명, '보험스토리 웹소설 및 에세이 공모전’ 개최",0
2023-05-03 10:30:00,삼성생명,"전영묵 삼성생명 대표, 검찰 소환… 아난티와 부동산 부정거래 혐의",2
2023-04-28 14:57:00,삼성생명,"업스테이지, 삼성생명에 광학문자인식(OCR) 솔루션 판매 계약",1
2023-04-28 14:46:00,삼성생명,"""보험 영수증, AI가 읽어내요"" 업스테이지, 삼성생명에 OCR 팩 ...",0
2023-04-28 10:03:00,삼성생명,"""구겨진 영수증도 AI가 진위 파악""…업스테이지, 삼성생명에 솔루션 ...",0
2023-04-28 09:30:00,삼성생명,"업스테이지, 삼성생명에 금융 특화 AI 솔루션 ‘OCR Pack’ 공...",0
2023-04-28 09:17:00,삼성생명,"업스테이지, 삼성생명에 금융 특화 AI 솔루션 ‘OCR 팩’ 공급",1
2023-04-28 09:16:00,삼성생명,"'보험 청구서류 AI로 처리'…업스테이지, 삼성생명에 OCR 솔루션 ...",0
2023-04-28 09:14:00,삼성생명,"업스테이지, 삼성생명에 금융 AI 솔루션 'OCR팩' 공급",1
2023-04-28 08:16:00,삼성생명,"업스테이지, 삼성생명에 금융 특화 AI 솔루션 ‘OCR Pack’ 공...",0
2023-04-26 07:30:00,삼성생명,"금감원, 삼성생명에 경영유의…""금융복합기업집단 내부통제 미흡""",2
2023-04-24 14:35:00,삼성생명,"삼성생명, 삼성 인터넷 뉴 연금보험 출시",1
2023-04-24 10:05:00,삼성생명,"삼성생명, 이자소득 비과세 혜택받는 '삼성 인터넷 뉴 연금보험' 출시",1
2023-04-24 09:48:00,삼성생명,"삼성생명, '삼성 인터넷 뉴 연금보험' 출시",1
2023-04-24 09:40:00,삼성생명,"삼성생명, '삼성 인터넷 뉴 연금보험' 출시",1
2023-04-24 10:46:00,삼성생명,유지할수록 추가 보너스…삼성생명 '삼성 인터넷 New 연금보험' 출시,1
2023-04-24 09:48:00,삼성생명,"삼성생명, ‘삼성 인터넷 New 연금보험’ 출시…원금 100% 보장",1
2023-04-24 09:12:00,삼성생명,"삼성생명, ‘삼성 인터넷 New 연금보험’ 출시…오래 유지할수록 혜택...",1
2023-04-24 08:43:00,삼성생명,"""5년 납입시 비과세 혜택""…삼성생명, '인터넷 New 연금보험' 출...",0
2023-04-24 08:42:00,삼성생명,"삼성생명, '장기유지 보너스 제공' 인터넷 연금보험 출시",1
2023-04-23 06:02:00,삼성생명,"전영묵 삼성생명 대표 “고객을 위한 변화, 미래 성장의 핵심”[2023...",0
2023-04-20 19:48:00,삼성생명,삼성생명 인프라투자 강화 佛 메리디암 2대주주 올라,1
2023-04-20 14:24:00,삼성생명,"삼성생명, 해외투자 강화... 프랑스 자산운용사 지분 인수",0
2023-04-20 11:52:00,삼성생명,"삼성생명, 영국 이어 프랑스서도 운용사 지분 확보",0
2023-04-20 11:19:00,삼성생명,"삼성생명, 佛자산운용사 지분 20% 인수",0
2023-04-20 09:58:00,삼성생명,"삼성생명, 프랑스 자산운용사 '메리디암' 지분 취득",0
2023-04-20 09:38:00,삼성생명,"삼성생명, 프랑스 자산운용사 메리디암 2대 주주로",0
2023-04-20 09:17:00,삼성생명,"삼성생명, 佛자산운용사 '메리디암' 지분 20% 취득…""해외투자 활성...",0
2023-04-20 09:16:00,삼성생명,"삼성생명, 프랑스 자산운용사 '메리디암' 지분 20% 인수",0
2023-04-20 09:09:00,삼성생명,투자 늘리는 삼성생명…佛 대체투자 운용사 지분 20% 취득,1
2023-04-20 08:59:00,삼성생명,"삼성생명, 프랑스 자산운용사 메리디암 지분 20% 취득…해외 대체투자...",0
2023-04-20 08:54:00,삼성생명,"삼성생명, 佛자산운용사 메리디암 지분 20% 인수",0
2023-04-20 17:48:00,삼성생명,"삼성생명, 佛 인프라 투자사 메리디엄…지분 20% 매입",0
2023-04-20 11:25:00,삼성생명,"삼성생명, 프랑스 자산운용사 지분 취득…""대체투자 시장 공략""",1
2023-04-20 09:34:00,삼성생명,"'해외 대체투자 공략' 삼성생명, 佛 자산운용사 '메리디엄' 지분 취...",1
2023-04-20 09:13:00,삼성생명,"삼성생명, 프랑스 자산운용사 메리디엄 지분 취득",0
2023-04-20 08:55:00,삼성생명,"삼성생명, 프랑스 자산운용사 지분 취득",1
2023-04-20 08:51:00,삼성생명,[시그널]삼성생명 출신만 모여도 1조 펀드 '이게 되네',0
2023-04-20 08:45:00,삼성생명,"삼성생명, '프랑스 투자 운용사' 지분 인수...해외투자 강화",0
2023-04-18 09:34:00,삼성생명,"삼성생명, 미슐랭가이드 블루리본과 '건강맛집 핸드북' 발간",0
2023-04-18 09:15:00,삼성생명,"[게시판] 삼성생명, 블루리본과 '건강맛집 핸드북' 발간",0
2023-04-18 09:01:00,삼성생명,"삼성생명, 블루리본과 ‘Let's 건강맛집’ 핸드북 발간",0
2023-04-18 08:48:00,삼성생명,'블루리본과 발굴한 건강맛집 어디?' 삼성생명 핸드북 발간,0
2023-04-17 08:42:00,삼성생명,"삼성생명·삼성화재, 판교 랜드마크 '알파돔타워' 7300억원에 샀다",0
2023-04-17 08:21:00,삼성생명,"삼성생명·화재, 판교 알파돔타워 매매계약 체결",1
2023-04-16 18:29:00,삼성생명,"삼성생명·화재, 판교 알파돔타워 새주인",2
2023-04-16 18:26:00,삼성생명,"삼성생명·화재, 판교 알파돔타워 샀다",0
2023-04-16 17:58:00,삼성생명,"삼성생명·화재, 판교 랜드마크 '알파돔타워' 매입",0
2023-04-16 13:19:00,삼성생명,"삼성생명·화재, 7300억 들여 판교 알파돔타워 매입",0
2023-04-16 10:11:00,삼성생명,"삼성생명·화재, 판교 알포돔타워 7294억원에 취득",1
2023-04-16 09:38:00,삼성생명,"삼성생명·화재, 판교 알포돔타워 7284억원 매입",1
2023-04-16 09:00:00,삼성생명,"삼성생명·화재, 판교 알파돔타워 새주인으로",2
2023-04-13 17:55:00,삼성생명,삼성생명 '뉴 종합건강보험 일당백' 배타적 사용권,0
2023-04-13 13:33:00,삼성생명,"삼성생명, 신상품에 3개월 배타적사용권 획득",1
2023-04-13 09:39:00,삼성생명,"삼성생명 새 보험, 올해 업계 첫 배타적 사용권 획득",1
2023-04-13 09:08:00,삼성생명,삼성생명 '뉴종합건강보험 일당백' 3개월 배타적 사용권,0
2023-04-13 08:51:00,삼성생명,"삼성생명, 보험업계 올해 첫 배타적 사용권 획득",1
2023-04-13 08:43:00,삼성생명,"삼성생명, 'New종합건강보험 일당백' 3개월 배타적 사용권 획득",1
2023-04-13 11:07:00,삼성생명,"삼성생명 건강보험, 3개월 배타적사용권",1
2023-04-13 10:06:00,삼성생명,"삼성생명, 'New종합건강보험 일당백' 3개월 배타적 사용권 획득",1
2023-04-13 08:59:00,삼성생명,"삼성생명, '뉴 종합건강보험 일당백' 3개월 ‘배타적 사용권’ 획득",1
2023-04-13 08:54:00,삼성생명,"삼성생명 종합건강보험, 3개월 배타적 사용권 획득",1
2023-04-13 08:39:00,삼성생명,"삼성생명, 'New종합건강보험 일당백' 3개월 배타적사용권 획득",1
2023-04-11 18:03:00,삼성생명,저축성 전환도 쉽게… 삼성생명 'New스탠다드 종신보험',0
2023-04-11 16:10:00,삼성생명,'유병자도 가입가능' 삼성생명 'New스탠다드 종신보험' 출시,1
2023-04-11 11:29:00,삼성생명,"장해보장 강화, 삼성생명 ‘New스탠다드 종신보험’",0
2023-04-11 10:03:00,삼성생명,"삼성생명, 장해보장 강화 '뉴스탠다드 종신보험' 출시",1
2023-04-11 09:29:00,삼성생명,"삼성생명, 장해보장 강화 ‘New스탠다드 종신보험’ 출시",1
2023-04-11 09:07:00,삼성생명,"삼성생명, 'New스탠다드 종신보험' 출시…""유병자도 가입 가능""",1
2023-04-11 17:30:00,삼성생명,삼성생명 종신보험 강화 장해시 보험료 환급특약,0
2023-04-11 11:15:00,삼성생명,"삼성생명, 장해보장 강화 '뉴 스탠다드 종신보험' 출시",1
2023-04-11 09:41:00,삼성생명,"삼성생명, 장해보장 강화 '뉴 스탠다드 종신보험' 출시",1
2023-04-11 09:39:00,삼성생명,삼성생명 '뉴 스탠다드 종신보험' 출시,1
2023-04-11 09:22:00,삼성생명,"삼성생명, '뉴 스탠다드 종신보험' 출시",1
2023-04-11 16:34:00,삼성생명,"교보생명, 지난해 생보업계 사회공헌 관심도 1위…삼성생명·한화생명 순",1
2023-04-10 17:34:00,삼성생명,"삼성생명 ""고령·유병자도 쉽게 보험 가입""…빅데이터 활용 서비스",0
2023-04-10 16:07:00,삼성생명,"삼성생명, 佛 재보험사와 가상 언더라이팅 도입",0
2023-04-10 14:27:00,삼성생명,"삼성생명, 가상 언더라이팅 도입···고령·유병자 문턱 낮춘다",0
2023-04-10 09:25:00,삼성생명,"삼성생명, 가상 언더라이팅 도입···""유병자도 가입 간편하게""",0
2023-04-10 09:07:00,삼성생명,"삼성생명, 빅데이터로 '가상 언더라이팅'…""유병자 보험가입 문턱 낮춘...",0
2023-04-10 08:43:00,삼성생명,"삼성생명, 빅데이터로 언더라이팅…고령자·유병자도 가입 간편해지나",0
2023-04-10 11:27:00,삼성생명,"삼성생명, SCOR 재보험사와 함께 가상 언더라이팅 도입",1
2023-04-10 11:26:00,삼성생명,"삼성생명, 가상 언더라이팅 도입... ""고령층 가입기회 확대""",0
2023-04-10 11:23:00,삼성생명,"삼성생명, 보험 가입 절차 간소화한 가상 언더라이팅 도입",1
2023-04-10 11:06:00,삼성생명,"삼성생명, 간편상품에 가상 언더라이팅 도입",0
2023-04-10 10:08:00,삼성생명,"삼성생명, 가상 언더라이팅 도입...고객 편의성 확대",0
2023-04-10 09:09:00,삼성생명,"삼성생명, 가상 언더라이팅 도입…간편보험 심사 적용",0
2023-04-07 11:18:00,삼성생명,"삼성생명, 삼성SDS 150억원 봐주기 재발 방지책 마련",0
2023-04-07 09:13:00,삼성생명,"[단독]‘국정농단’ K스포츠재단, 39개 기업에 소송…포스코·삼성생명 ...",2
2023-04-06 09:19:00,삼성생명,"[공시] 삼성생명, 삼성에스알에이자산운용에 240억 대여",0
2023-04-04 18:09:00,삼성생명,삼성생명 사내 스타트업 1호 독립,1
2023-04-04 17:47:00,삼성생명,삼성생명 사내 1호 스타트업…'필라멘토' 별도 법인으로 출범,0
2023-04-04 15:17:00,삼성생명,"전영묵이 지지한 삼성생명 스타트업, '창업 꿈' 이뤘다",0
2023-04-04 14:25:00,삼성생명,삼성생명 '사내 1호 스타트업' 필라멘토 별도법인 출범,0
2023-04-04 14:03:00,삼성생명,"삼성생명, 사내 스타트업 1호 '필라멘토' 분사",0
2023-04-04 11:26:00,삼성생명,삼성생명 사내 스타트업 1호 '필라멘토' 분사···창업 꿈 이뤘다,0
2023-04-04 10:49:00,삼성생명,"삼성생명, 국내 보험사 최초 사내 스타트업 분사",1
2023-04-04 10:47:00,삼성생명,"삼성생명, 사내 스타트업 1호 ‘필라멘토’ 분사",0
2023-04-04 10:38:00,삼성생명,"삼성생명, 사내 스타트업 1호 필라멘토 분사",0
2023-04-04 09:38:00,삼성생명,"""영양제 지킴이""…삼성생명, 사내 스타트업 1호 '필라멘토' 출범",0
2023-04-04 09:20:00,삼성생명,"삼성생명, 사내 스타트업 ‘필라멘토’ 분사 현실화",0
2023-04-04 10:46:00,삼성생명,삼성생명 사내 스타트업 1호 '필라멘토' 런칭데이 개최,0
2023-04-04 10:30:00,삼성생명,"삼성생명 사내 스타트업 1호 '필라멘토', 창업 꿈 이룬다",0
2023-04-03 11:19:00,삼성생명,"2023 퇴직연금 아카데미…삼성생명, 6대 도시서 실시",0
2023-03-31 15:25:00,삼성생명,"제일기획, 삼성생명보험이 보통주 1841주 매수",1
2023-03-31 14:22:00,삼성생명,"안랩 자회사 제이슨, 삼성생명과 'AI 기반 금융 관제시스템 공동 개발...",1
2023-03-31 13:32:00,삼성생명,"안랩 제이슨-삼성생명, AI 금융 IT 관제시스템 공동개발 협력",1
2023-03-31 11:54:00,삼성생명,"안랩 제이슨-삼성생명, AI 금융 IT 관제시스템 공동개발 협력",1
2023-03-31 09:57:00,삼성생명,"안랩 자회사 제이슨, 삼성생명과 'AI 금융 IT관제 시스템' 공동개...",1
2023-03-31 09:33:00,삼성생명,"안랩 자회사 제이슨-삼성생명, ‘AI 기반 금융 IT 관제시스템 공동...",1
2023-03-31 11:27:00,삼성생명,"삼성생명, 기업 실무자 대상 '퇴직연금 아카데미' 실시",0
2023-03-31 09:58:00,삼성생명,"삼성생명, 2023 퇴직연금 아카데미 실시…4월부터 대면 강연",0
2023-03-31 10:12:00,삼성생명,"삼성생명, 6개 도시서 '2023 퇴직연금 아카데미' 실시",0
2023-03-31 09:28:00,삼성생명,"삼성생명, 퇴직연금 아카데미 실시",0
2023-03-28 11:38:00,삼성생명,[단독] ‘신의 영역’ 손해율 관리 가능해진다…삼성생명 도입한 ‘이것’,1
2023-03-28 11:16:00,삼성생명,"삼성생명, '디지털 프로필' 도입... 담당 설계사 정보 한눈에",0
2023-03-28 10:46:00,삼성생명,"삼성생명 ""모바일서 설계사 정보 쉽게 확인하세요""",0
2023-03-28 10:43:00,삼성생명,"삼성생명, 설계사 정보 보이는 디지털 프로필 도입",0
2023-03-28 09:48:00,삼성생명,삼성생명 '디지털 프로필' 도입…담당 설계사 정보 한눈에,0
2023-03-28 08:48:00,삼성생명,"삼성생명, '설계사 정보' 보이는 디지털 프로필 도입",0
2023-03-28 10:54:00,삼성생명,"삼성생명, 담당 컨설턴트 정보 제공하는 '디지털 프로필' 도입",0
2023-03-28 10:13:00,삼성생명,"삼성생명, 컨설턴트 디지털 프로필 도입…가상인간 안내도",0
2023-03-28 09:48:00,삼성생명,"""컨설턴트 정보, 디지털 프로필로""···삼성생명, 디지털 콘텐츠 강화",0
2023-03-28 09:35:00,삼성생명,"삼성생명, ‘디지털 프로필’ 도입…담당 컨설턴트 정보 조회 가능",0
2023-03-15 14:46:00,삼성생명,"삼성생명, 올해 고객패널과 대면식 개최",0
2023-03-15 10:48:00,삼성생명,삼성생명 시니어·MZ 등 고객패널 1000명으로 확대... ‘소통 강...,0
2023-03-15 09:52:00,삼성생명,삼성생명 고객패널 1천명으로 확대…소비자 의견수렴,0
2023-03-15 10:37:00,삼성생명,"삼성생명, 고객패널 1000명으로 확대 선발",0
2023-03-15 10:21:00,삼성생명,"삼성생명, 고객패널 1000명으로 확대…시니어·MZ 유닛도",0
2023-03-15 10:12:00,삼성생명,"삼성생명, 고객패널 1000명으로 확대 선발",0
2023-03-15 10:11:00,삼성생명,"삼성생명, 고객패널 1000명으로 확대 선발",0
2023-03-15 09:02:00,삼성생명,"삼성생명, 고객패널 1000명으로 확대...'소통 강화'",0
2023-03-15 09:01:00,삼성생명,"삼성생명, 2023년도 고객패널 킥오프…경영혁신에 1000명 참여",0
2023-03-12 15:08:00,삼성생명,"IFRS17 도입에 바뀌는 삼성생명 가계부…""자산 17兆 증가""",0
2023-03-10 07:55:00,삼성생명,"삼성생명, IFRS17 전환 영향 발표…주주환원 확대 여부 관심-이베스...",0
2023-03-08 10:33:00,삼성생명,"삼성생명, 3대 질병 보장 강화·신규보장 탑재 신상품 출시",1
2023-03-08 09:46:00,삼성생명,"삼성생명, 보장 강화 ‘New종합건강보험 일당백’ 출시",1
2023-03-08 09:36:00,삼성생명,"""3대 질병 보장 강화""···삼성생명, '뉴종합건강보험 일당백' 출시",1
2023-03-08 09:11:00,삼성생명,"삼성생명, 3대 질병 보장 강화한 'New종합건강보험 일당백' 출시",1
2023-03-08 09:07:00,삼성생명,"질병 보장·건강관리 한번에...삼성생명, 종합건강보험 출시",1
2023-03-01 12:02:00,삼성생명,"농협은행·국민은행·삼성생명 등 6社, 금융감독원장상 수상",1
2023-02-28 16:28:00,삼성생명,보험사 작년 하반기 금리인하 수용률 54.5%…NH농협손보·삼성생명 順...,0
2023-02-27 10:59:00,삼성생명,"“IFRS17 도입, 손해보험이 유리”…삼성생명 최선호주 [투자360]",1
2023-02-26 17:51:00,삼성생명,무너지는 '은행 철옹성'…삼성생명·미래에셋서 공과금·환전까지,0
2023-02-23 11:10:00,삼성생명,"삼성생명, 콜센터 연결음에 상담사 가족 목소리",0
2023-02-23 08:52:00,삼성생명,"삼성생명, 콜센터 연결음에 상담사 가족 목소리…상담품질 제고",0
2023-02-22 13:54:00,삼성생명,"삼성생명, 회계기준 전환 후 첫 주주환원 발표…보험사 이정표될 것 [투...",0
2023-02-22 09:03:00,삼성생명,"현대차증권 “삼성생명, 안정적 배당 투자처...목표가 8만3000원”",1
2023-02-22 08:58:00,삼성생명,"현대차證 ""삼성생명, 안정적인 배당 투자처…목표주가 상향""",1
2023-02-22 08:39:00,삼성생명,"[클릭 e종목]""삼성생명, 보험업법 개정 이슈 미해소…투자의견 중립""",0
2023-02-22 08:06:00,삼성생명,"삼성생명, 지속적 주당배당금 증가가 변수…투자의견 '보유' -유안타",1
2023-02-21 16:42:00,삼성생명,"삼성생명, 삼성화재 2년 연속 나란히 '1조 클럽'",1
2023-02-21 15:45:00,삼성생명,삼성 금융계열사 호실적..삼성화재 2년 연속 최대실적·삼성생명도 실적...,1
2023-02-21 16:35:00,삼성생명,"법무법인 바른, 삼성생명과 CEO 자산관리·승계 제도 연구 업무협약",0
2023-02-21 15:49:00,삼성생명,"삼성생명, 작년 순익 1.6조원···""향후 배당성향 35~45%""",1
2023-02-21 15:31:00,삼성생명,"삼성생명, 당기순이익 1조5833억원…“보험이익 양호”",1
2023-02-21 14:57:00,삼성생명,"삼성생명, 지난해 당기순이익 1조5833억원…전년比 7.8% 증가",1
2023-02-21 14:44:00,삼성생명,삼성생명 지난해 순익 1조5833억원…전년 대비 7.8%↑,2
2023-02-21 14:35:00,삼성생명,"삼성생명, 지난해 순익 1.6조···전년대비 7.8%↑",1
2023-02-21 14:16:00,삼성생명,삼성생명 작년 순익 1.6兆… 전년比 7.8%↑,2
2023-02-21 14:14:00,삼성생명,"삼성생명, 지난해 당기순익 1조5833억원…전년比 7.8%↑",2
2023-02-21 15:01:00,삼성생명,"삼성생명, 지난해 당기순이익 1.6조원…전년比 7.8% 증가",1
2023-02-21 14:12:00,삼성생명,삼성생명 작년 순익 1조5천833억원…전년 대비 7.8%↑,2
2023-02-20 18:11:00,삼성생명,"검찰, 아난티·삼성생명 압수수색",2
2023-02-20 13:16:00,삼성생명,"검찰, ‘부동산 거래 비리’ 아난티·삼성생명 압수수색",2
2023-02-20 16:19:00,삼성생명,"500억 부동산이 두달 만에 1000억…檢, 아난티·삼성생명 압색(종합...",0
2023-02-20 11:38:00,삼성생명,"檢, ‘부동산 거래 비리 의혹’ 아난티·삼성생명 압수수색",2
2023-02-20 11:07:00,삼성생명,"""두달만에 2배 차익 남기고 매각""…검찰, 아난티 호텔·삼성생명 압수...",2
2023-02-20 14:01:00,삼성생명,압도적 격차…'보험업계 맏형' 삼성생명의 질주,1
2023-02-16 07:00:00,삼성생명,"금융당국, 보험사 기강도 잡는다…삼성화재 이어 삼성생명 등 무더기 제재",2
2023-02-15 15:36:00,삼성생명,"삼성생명, 블루리본과 건강맛집 캠페인 실시",0
2023-02-15 11:34:00,삼성생명,"삼성생명, 블루리본과 ‘건강맛집’ 캠페인",0
2023-02-15 09:05:00,삼성생명,"삼성생명, 블루리본과 ‘렛츠 건강맛집’ 캠페인 시작",0
2023-02-13 11:07:00,삼성생명,"삼성생명, 더헬스앱 '걷기습관 만들기' 챌린지 실시",0
2023-02-13 10:49:00,삼성생명,"""걸음수 달성하고 스니커즈 받자""...삼성생명, '걷기습관 만들기' ...",0
2023-02-13 09:24:00,삼성생명,"삼성생명, 더헬스 앱 ‘걷기 습관 만들기’ 챌린지 실시",0
2023-02-13 08:45:00,삼성생명,"삼성생명, 더헬스앱 '걷기습관 만들기' 챌린지 전개",0
2023-02-13 08:39:00,삼성생명,"삼성생명, 더헬스앱 ‘걷기습관 만들기’ 챌린지 진행",0
2023-02-13 10:36:00,삼성생명,"“걷기하면 한정판 스니커즈” 삼성생명, 걷기 챌린지 전개",0
2023-02-13 09:13:00,삼성생명,"삼성생명 ""걷기목표 달성하면 한정판 스니커즈 증정""",0
2023-02-09 09:37:00,삼성생명,"삼성생명, 컨설턴트 교육체계 개편…'세일즈 아카데미' 신설",0
2023-02-09 09:36:00,삼성생명,"삼성생명, 보험 설계사 교육 체계 전면 개편",0
2023-02-09 09:18:00,삼성생명,"삼성생명, 컨설턴트 전문 맞춤 교육으로 역량 강화",0
2023-02-09 09:33:00,삼성생명,"삼성생명, 컨설턴트 역량강화 위한 교육체계 개편",0
2023-02-09 09:27:00,삼성생명,"삼성생명, 컨설턴트 교육체계 개편",0
2023-02-09 08:40:00,삼성생명,"삼성생명, 2023년 컨설턴트 교육체계 개편…“전문 역량 강화”",0
2023-02-07 17:51:00,삼성생명,"삼성생명 ""글로벌 인재 모셔라""…런던 콘퍼런스 챙긴 전영묵 사장",0
2023-02-05 18:12:00,삼성생명,삼성생명 콜센터 연결음에 상담사 가족 목소리 담았다,0
2023-02-05 15:08:00,삼성생명,"삼성생명, 감정노동자 상담사 인권보호 나서",0
2023-02-05 16:05:00,삼성생명,"삼성생명, 스마트안내장 도입 나무 6천그루 보호",0
2023-01-22 17:47:00,삼성생명,"금감원, 삼성생명 퇴직연금 관련 경영유의 2건 등 통보",0
2023-01-22 14:32:00,삼성생명,"금감원, 삼성생명에 '퇴직연금 리스크 관리' 요구",0
2023-01-22 14:32:00,삼성생명,"금감원, 삼성생명에 퇴직연금 리스크 관리 요구",0
2023-01-22 14:01:00,삼성생명,"금감원, 삼성생명에 '퇴직연금 리스크 관리' 요구",0
2023-01-22 13:33:00,삼성생명,"금감원, 삼성생명에 '퇴직연금 리스크 관리' 요구",0
2023-01-09 06:12:00,삼성생명,[인사이드 스토리]바뀌는 보험 장부…삼성생명에 쏠린 눈,0
2023-01-08 15:37:00,삼성생명,삼성생명 서소문빌딩 재개발 공사 시작…완공은?,0
2023-01-04 16:26:00,삼성생명,생명보험재단 신임 상임이사에 조태현 전 삼성생명 상무,0
2023-01-04 09:02:00,삼성생명,"생명보험재단, 신임 상임이사에 조태현 前 삼성생명 상무 선임",0
2023-01-03 14:49:00,삼성생명,'형보다 나은 아우'…성과급 희비 삼성생명·화재,0
2023-01-02 16:11:00,삼성생명,전영묵 삼성생명 대표이사 사장 신년사 (전문),0
2022-12-30 17:13:00,삼성생명,삼성생명 등 8개사 '햇살론 보험' 출시,1
2022-12-30 08:58:00,삼성생명,"""차주 생명보험주 매수 추천…최선호주 삼성생명·한화생명""[투자360]",1
2022-12-28 18:03:00,삼성생명,"금감원 ""삼성생명 계약자 배당금, 부채로 표시 가능""",1
2022-12-28 17:26:00,삼성생명,"""삼성생명의 삼전 지분 배당금 지금처럼 '부채' 처리해도 된다""",0
2022-12-28 17:17:00,삼성생명,"금감원, 삼성생명에 새 회계기준 적용 예외 인정",0
2022-12-28 16:55:00,삼성생명,"금감원, 삼성생명에 새 회계기준 적용 예외 인정(종합)",2
2022-12-28 16:10:00,삼성생명,"금감원 ""삼성생명, 계약자 배당금 '부채'로 표기 가능""",1
2022-12-28 15:12:00,삼성생명,"금감원 ""삼성생명, 삼성전자 지분 배당금 '부채'로 분류 가능""",0
2022-12-28 14:18:00,삼성생명,"금감원 ""삼성생명 계약자 배당금, 기존처럼 회계처리 가능""",1
2022-12-28 14:00:00,삼성생명,"금감원 ""내년에도 삼성생명 계약자 배당금 '부채'로 분류 가능""",1
2022-12-28 13:33:00,삼성생명,"금감원 ""삼성생명 계약자 배당금, 회계상 '부채'로 인식 가능""",1
2022-12-28 13:24:00,삼성생명,"금감원 ""삼성생명, 계약자 배당금 부채로 분류 가능""",1
2022-12-28 12:01:00,삼성생명,"금감원 ""삼성생명 계약자 배당금 부채로 인식 가능""",1
2022-12-28 12:00:00,삼성생명,"금감원 ""삼성생명, 삼성전자 관련 계약자배당금 부채 표기 가능""",1
2022-12-28 12:00:00,삼성생명,"금감원 ""삼성생명 계약자 배당금, 회계상 '부채' 판단""",2
2022-12-26 10:53:00,삼성생명,"유안타 ""보험업법 통과시 삼성생명·전자·물산 주주에 부정적""",2
2022-12-26 09:49:00,삼성생명,"유안타 ""보험업법 통과시 삼성생명·전자·물산 주주에 부정적""",2
2022-12-25 18:50:00,삼성생명,"진격의 삼성생명…""IFRS17 수혜"" VS ""보험업법 개정안 악재""",1
2022-12-25 17:19:00,삼성생명,'체면 지킨' 업계 1위 삼일 삼성생명 감사인 따냈다,1
2023-04-13 08:39:00,삼성생명,"삼성생명, 'New종합건강보험 일당백' 3개월 배타적사용권 획득",1
2023-04-11 18:03:00,삼성생명,저축성 전환도 쉽게… 삼성생명 'New스탠다드 종신보험',0
2023-04-11 16:10:00,삼성생명,'유병자도 가입가능' 삼성생명 'New스탠다드 종신보험' 출시,1
2023-04-11 11:29:00,삼성생명,"장해보장 강화, 삼성생명 ‘New스탠다드 종신보험’",0
2023-04-11 10:03:00,삼성생명,"삼성생명, 장해보장 강화 '뉴스탠다드 종신보험' 출시",1
2023-04-11 09:29:00,삼성생명,"삼성생명, 장해보장 강화 ‘New스탠다드 종신보험’ 출시",1
2023-04-11 09:07:00,삼성생명,"삼성생명, 'New스탠다드 종신보험' 출시…""유병자도 가입 가능""",1
2023-04-11 17:30:00,삼성생명,삼성생명 종신보험 강화 장해시 보험료 환급특약,0
2023-04-11 11:15:00,삼성생명,"삼성생명, 장해보장 강화 '뉴 스탠다드 종신보험' 출시",1
2023-04-11 09:41:00,삼성생명,"삼성생명, 장해보장 강화 '뉴 스탠다드 종신보험' 출시",1
2023-04-11 09:39:00,삼성생명,삼성생명 '뉴 스탠다드 종신보험' 출시,1
2023-04-11 09:22:00,삼성생명,"삼성생명, '뉴 스탠다드 종신보험' 출시",1
2023-04-11 16:34:00,삼성생명,"교보생명, 지난해 생보업계 사회공헌 관심도 1위…삼성생명·한화생명 순",1
2023-04-10 17:34:00,삼성생명,"삼성생명 ""고령·유병자도 쉽게 보험 가입""…빅데이터 활용 서비스",0
2023-04-10 16:07:00,삼성생명,"삼성생명, 佛 재보험사와 가상 언더라이팅 도입",0
2023-04-10 14:27:00,삼성생명,"삼성생명, 가상 언더라이팅 도입···고령·유병자 문턱 낮춘다",0
2023-04-10 09:25:00,삼성생명,"삼성생명, 가상 언더라이팅 도입···""유병자도 가입 간편하게""",0
2023-04-10 09:07:00,삼성생명,"삼성생명, 빅데이터로 '가상 언더라이팅'…""유병자 보험가입 문턱 낮춘...",0
2023-04-10 08:43:00,삼성생명,"삼성생명, 빅데이터로 언더라이팅…고령자·유병자도 가입 간편해지나",0
2023-04-10 11:27:00,삼성생명,"삼성생명, SCOR 재보험사와 함께 가상 언더라이팅 도입",1
2023-04-10 11:26:00,삼성생명,"삼성생명, 가상 언더라이팅 도입... ""고령층 가입기회 확대""",0
2023-04-10 11:23:00,삼성생명,"삼성생명, 보험 가입 절차 간소화한 가상 언더라이팅 도입",1
2023-04-10 11:06:00,삼성생명,"삼성생명, 간편상품에 가상 언더라이팅 도입",0
2023-04-10 10:08:00,삼성생명,"삼성생명, 가상 언더라이팅 도입...고객 편의성 확대",0
2023-04-10 09:09:00,삼성생명,"삼성생명, 가상 언더라이팅 도입…간편보험 심사 적용",0
2023-04-07 11:18:00,삼성생명,"삼성생명, 삼성SDS 150억원 봐주기 재발 방지책 마련",0
2023-04-07 09:13:00,삼성생명,"[단독]‘국정농단’ K스포츠재단, 39개 기업에 소송…포스코·삼성생명 ...",2
2023-04-06 09:19:00,삼성생명,"[공시] 삼성생명, 삼성에스알에이자산운용에 240억 대여",0
2023-04-04 18:09:00,삼성생명,삼성생명 사내 스타트업 1호 독립,1
2023-04-04 17:47:00,삼성생명,삼성생명 사내 1호 스타트업…'필라멘토' 별도 법인으로 출범,0
2023-04-04 15:17:00,삼성생명,"전영묵이 지지한 삼성생명 스타트업, '창업 꿈' 이뤘다",0
2023-04-04 14:25:00,삼성생명,삼성생명 '사내 1호 스타트업' 필라멘토 별도법인 출범,0
2023-04-04 14:03:00,삼성생명,"삼성생명, 사내 스타트업 1호 '필라멘토' 분사",0
2023-04-04 11:26:00,삼성생명,삼성생명 사내 스타트업 1호 '필라멘토' 분사···창업 꿈 이뤘다,0
2023-04-04 10:49:00,삼성생명,"삼성생명, 국내 보험사 최초 사내 스타트업 분사",1
2023-04-04 10:47:00,삼성생명,"삼성생명, 사내 스타트업 1호 ‘필라멘토’ 분사",0
2023-04-04 10:38:00,삼성생명,"삼성생명, 사내 스타트업 1호 필라멘토 분사",0
2023-04-04 09:38:00,삼성생명,"""영양제 지킴이""…삼성생명, 사내 스타트업 1호 '필라멘토' 출범",0
2023-04-04 09:20:00,삼성생명,"삼성생명, 사내 스타트업 ‘필라멘토’ 분사 현실화",0
2023-04-11 09:29:00,삼성생명,"삼성생명, 장해보장 강화 ‘New스탠다드 종신보험’ 출시",1
2023-04-11 09:07:00,삼성생명,"삼성생명, 'New스탠다드 종신보험' 출시…""유병자도 가입 가능""",1
2023-04-11 09:22:00,삼성생명,"삼성생명, '뉴 스탠다드 종신보험' 출시",1
2023-04-10 17:34:00,삼성생명,"삼성생명 ""고령·유병자도 쉽게 보험 가입""…빅데이터 활용 서비스",0
2023-04-10 16:07:00,삼성생명,"삼성생명, 佛 재보험사와 가상 언더라이팅 도입",0
2023-04-10 14:27:00,삼성생명,"삼성생명, 가상 언더라이팅 도입···고령·유병자 문턱 낮춘다",0
2023-04-10 09:25:00,삼성생명,"삼성생명, 가상 언더라이팅 도입···""유병자도 가입 간편하게""",0
2023-04-10 09:07:00,삼성생명,"삼성생명, 빅데이터로 '가상 언더라이팅'…""유병자 보험가입 문턱 낮춘...",0
2023-04-10 08:43:00,삼성생명,"삼성생명, 빅데이터로 언더라이팅…고령자·유병자도 가입 간편해지나",0
2023-04-10 11:27:00,삼성생명,"삼성생명, SCOR 재보험사와 함께 가상 언더라이팅 도입",1
2023-04-10 11:26:00,삼성생명,"삼성생명, 가상 언더라이팅 도입... ""고령층 가입기회 확대""",0
2023-04-10 11:23:00,삼성생명,"삼성생명, 보험 가입 절차 간소화한 가상 언더라이팅 도입",1
2023-04-10 11:06:00,삼성생명,"삼성생명, 간편상품에 가상 언더라이팅 도입",0
2023-04-10 10:08:00,삼성생명,"삼성생명, 가상 언더라이팅 도입...고객 편의성 확대",0
2023-04-10 09:09:00,삼성생명,"삼성생명, 가상 언더라이팅 도입…간편보험 심사 적용",0
2023-04-07 11:18:00,삼성생명,"삼성생명, 삼성SDS 150억원 봐주기 재발 방지책 마련",0
2023-04-07 09:13:00,삼성생명,"[단독]‘국정농단’ K스포츠재단, 39개 기업에 소송…포스코·삼성생명 ...",2
2023-04-06 09:19:00,삼성생명,"[공시] 삼성생명, 삼성에스알에이자산운용에 240억 대여",0
2023-04-04 18:09:00,삼성생명,삼성생명 사내 스타트업 1호 독립,1
2023-04-04 17:47:00,삼성생명,삼성생명 사내 1호 스타트업…'필라멘토' 별도 법인으로 출범,0
2023-04-04 15:17:00,삼성생명,"전영묵이 지지한 삼성생명 스타트업, '창업 꿈' 이뤘다",0
2023-04-04 14:25:00,삼성생명,삼성생명 '사내 1호 스타트업' 필라멘토 별도법인 출범,0
2023-04-04 14:03:00,삼성생명,"삼성생명, 사내 스타트업 1호 '필라멘토' 분사",0
2023-04-04 11:26:00,삼성생명,삼성생명 사내 스타트업 1호 '필라멘토' 분사···창업 꿈 이뤘다,0
2023-04-04 10:49:00,삼성생명,"삼성생명, 국내 보험사 최초 사내 스타트업 분사",1
2023-04-04 10:47:00,삼성생명,"삼성생명, 사내 스타트업 1호 ‘필라멘토’ 분사",0
2023-04-04 10:38:00,삼성생명,"삼성생명, 사내 스타트업 1호 필라멘토 분사",0
2023-04-04 09:38:00,삼성생명,"""영양제 지킴이""…삼성생명, 사내 스타트업 1호 '필라멘토' 출범",0
2023-04-04 09:20:00,삼성생명,"삼성생명, 사내 스타트업 ‘필라멘토’ 분사 현실화",0
2023-04-04 10:46:00,삼성생명,삼성생명 사내 스타트업 1호 '필라멘토' 런칭데이 개최,0
2023-04-04 10:30:00,삼성생명,"삼성생명 사내 스타트업 1호 '필라멘토', 창업 꿈 이룬다",0
2023-04-03 11:19:00,삼성생명,"2023 퇴직연금 아카데미…삼성생명, 6대 도시서 실시",0
2023-04-10 10:08:00,삼성생명,"삼성생명, 가상 언더라이팅 도입...고객 편의성 확대",0
2023-04-10 09:09:00,삼성생명,"삼성생명, 가상 언더라이팅 도입…간편보험 심사 적용",0
2023-04-10 09:25:00,삼성생명,"삼성생명, 가상 언더라이팅 도입···""유병자도 가입 간편하게""",0
2023-04-10 09:07:00,삼성생명,"삼성생명, 빅데이터로 '가상 언더라이팅'…""유병자 보험가입 문턱 낮춘...",0
2023-04-10 08:43:00,삼성생명,"삼성생명, 빅데이터로 언더라이팅…고령자·유병자도 가입 간편해지나",0
2023-04-07 11:18:00,삼성생명,"삼성생명, 삼성SDS 150억원 봐주기 재발 방지책 마련",0
2023-04-07 09:13:00,삼성생명,"[단독]‘국정농단’ K스포츠재단, 39개 기업에 소송…포스코·삼성생명 ...",2
2023-04-06 09:19:00,삼성생명,"[공시] 삼성생명, 삼성에스알에이자산운용에 240억 대여",0
2023-04-04 18:09:00,삼성생명,삼성생명 사내 스타트업 1호 독립,1
2023-04-04 17:47:00,삼성생명,삼성생명 사내 1호 스타트업…'필라멘토' 별도 법인으로 출범,0
2023-04-04 15:17:00,삼성생명,"전영묵이 지지한 삼성생명 스타트업, '창업 꿈' 이뤘다",0
2023-04-04 14:25:00,삼성생명,삼성생명 '사내 1호 스타트업' 필라멘토 별도법인 출범,0
2023-04-04 14:03:00,삼성생명,"삼성생명, 사내 스타트업 1호 '필라멘토' 분사",0
2023-04-04 11:26:00,삼성생명,삼성생명 사내 스타트업 1호 '필라멘토' 분사···창업 꿈 이뤘다,0
2023-04-04 10:49:00,삼성생명,"삼성생명, 국내 보험사 최초 사내 스타트업 분사",1
2023-04-04 10:47:00,삼성생명,"삼성생명, 사내 스타트업 1호 ‘필라멘토’ 분사",0
2023-04-04 10:38:00,삼성생명,"삼성생명, 사내 스타트업 1호 필라멘토 분사",0
2023-04-04 09:38:00,삼성생명,"""영양제 지킴이""…삼성생명, 사내 스타트업 1호 '필라멘토' 출범",0
2023-04-04 09:20:00,삼성생명,"삼성생명, 사내 스타트업 ‘필라멘토’ 분사 현실화",0
2023-04-04 10:46:00,삼성생명,삼성생명 사내 스타트업 1호 '필라멘토' 런칭데이 개최,0
2023-04-04 10:30:00,삼성생명,"삼성생명 사내 스타트업 1호 '필라멘토', 창업 꿈 이룬다",0
2023-04-03 11:19:00,삼성생명,"2023 퇴직연금 아카데미…삼성생명, 6대 도시서 실시",0
2023-03-31 15:25:00,삼성생명,"제일기획, 삼성생명보험이 보통주 1841주 매수",1
2023-03-31 14:22:00,삼성생명,"안랩 자회사 제이슨, 삼성생명과 'AI 기반 금융 관제시스템 공동 개발...",1
2023-03-31 13:32:00,삼성생명,"안랩 제이슨-삼성생명, AI 금융 IT 관제시스템 공동개발 협력",1
2023-03-31 11:54:00,삼성생명,"안랩 제이슨-삼성생명, AI 금융 IT 관제시스템 공동개발 협력",1
2023-03-31 09:57:00,삼성생명,"안랩 자회사 제이슨, 삼성생명과 'AI 금융 IT관제 시스템' 공동개...",1
2023-03-31 09:33:00,삼성생명,"안랩 자회사 제이슨-삼성생명, ‘AI 기반 금융 IT 관제시스템 공동...",1
2023-04-04 15:17:00,삼성생명,"전영묵이 지지한 삼성생명 스타트업, '창업 꿈' 이뤘다",0
2023-04-04 14:25:00,삼성생명,삼성생명 '사내 1호 스타트업' 필라멘토 별도법인 출범,0
2023-04-04 14:03:00,삼성생명,"삼성생명, 사내 스타트업 1호 '필라멘토' 분사",0
2023-04-04 11:26:00,삼성생명,삼성생명 사내 스타트업 1호 '필라멘토' 분사···창업 꿈 이뤘다,0
2023-04-04 10:49:00,삼성생명,"삼성생명, 국내 보험사 최초 사내 스타트업 분사",1
2023-04-04 10:47:00,삼성생명,"삼성생명, 사내 스타트업 1호 ‘필라멘토’ 분사",0
2023-04-04 10:38:00,삼성생명,"삼성생명, 사내 스타트업 1호 필라멘토 분사",0
2023-04-04 09:38:00,삼성생명,"""영양제 지킴이""…삼성생명, 사내 스타트업 1호 '필라멘토' 출범",0
2023-04-04 09:20:00,삼성생명,"삼성생명, 사내 스타트업 ‘필라멘토’ 분사 현실화",0
2023-04-04 10:46:00,삼성생명,삼성생명 사내 스타트업 1호 '필라멘토' 런칭데이 개최,0
2023-04-04 10:30:00,삼성생명,"삼성생명 사내 스타트업 1호 '필라멘토', 창업 꿈 이룬다",0
2023-04-03 11:19:00,삼성생명,"2023 퇴직연금 아카데미…삼성생명, 6대 도시서 실시",0
2023-03-31 15:25:00,삼성생명,"제일기획, 삼성생명보험이 보통주 1841주 매수",1
2023-03-31 14:22:00,삼성생명,"안랩 자회사 제이슨, 삼성생명과 'AI 기반 금융 관제시스템 공동 개발...",1
2023-03-31 13:32:00,삼성생명,"안랩 제이슨-삼성생명, AI 금융 IT 관제시스템 공동개발 협력",1
2023-03-31 11:54:00,삼성생명,"안랩 제이슨-삼성생명, AI 금융 IT 관제시스템 공동개발 협력",1
2023-03-31 09:57:00,삼성생명,"안랩 자회사 제이슨, 삼성생명과 'AI 금융 IT관제 시스템' 공동개...",1
2023-03-31 09:33:00,삼성생명,"안랩 자회사 제이슨-삼성생명, ‘AI 기반 금융 IT 관제시스템 공동...",1
2023-03-31 11:27:00,삼성생명,"삼성생명, 기업 실무자 대상 '퇴직연금 아카데미' 실시",0
2023-03-31 09:58:00,삼성생명,"삼성생명, 2023 퇴직연금 아카데미 실시…4월부터 대면 강연",0
2023-03-31 10:12:00,삼성생명,"삼성생명, 6개 도시서 '2023 퇴직연금 아카데미' 실시",0
2023-03-31 09:28:00,삼성생명,"삼성생명, 퇴직연금 아카데미 실시",0
2023-03-28 11:38:00,삼성생명,[단독] ‘신의 영역’ 손해율 관리 가능해진다…삼성생명 도입한 ‘이것’,1
2023-03-28 11:16:00,삼성생명,"삼성생명, '디지털 프로필' 도입... 담당 설계사 정보 한눈에",0
2023-03-28 10:46:00,삼성생명,"삼성생명 ""모바일서 설계사 정보 쉽게 확인하세요""",0
2023-03-28 10:43:00,삼성생명,"삼성생명, 설계사 정보 보이는 디지털 프로필 도입",0
2023-03-28 09:48:00,삼성생명,삼성생명 '디지털 프로필' 도입…담당 설계사 정보 한눈에,0
2023-03-28 08:48:00,삼성생명,"삼성생명, '설계사 정보' 보이는 디지털 프로필 도입",0
2023-03-28 10:54:00,삼성생명,"삼성생명, 담당 컨설턴트 정보 제공하는 '디지털 프로필' 도입",0
2023-03-28 10:13:00,삼성생명,"삼성생명, 컨설턴트 디지털 프로필 도입…가상인간 안내도",0
2023-03-28 09:48:00,삼성생명,"""컨설턴트 정보, 디지털 프로필로""···삼성생명, 디지털 콘텐츠 강화",0
2023-03-28 09:35:00,삼성생명,"삼성생명, ‘디지털 프로필’ 도입…담당 컨설턴트 정보 조회 가능",0
2023-04-04 09:20:00,삼성생명,"삼성생명, 사내 스타트업 ‘필라멘토’ 분사 현실화",0
2023-04-03 11:19:00,삼성생명,"2023 퇴직연금 아카데미…삼성생명, 6대 도시서 실시",0
2023-03-31 15:25:00,삼성생명,"제일기획, 삼성생명보험이 보통주 1841주 매수",1
2023-03-31 14:22:00,삼성생명,"안랩 자회사 제이슨, 삼성생명과 'AI 기반 금융 관제시스템 공동 개발...",1
2023-03-31 13:32:00,삼성생명,"안랩 제이슨-삼성생명, AI 금융 IT 관제시스템 공동개발 협력",1
2023-03-31 11:54:00,삼성생명,"안랩 제이슨-삼성생명, AI 금융 IT 관제시스템 공동개발 협력",1
2023-03-31 09:57:00,삼성생명,"안랩 자회사 제이슨, 삼성생명과 'AI 금융 IT관제 시스템' 공동개...",1
2023-03-31 09:33:00,삼성생명,"안랩 자회사 제이슨-삼성생명, ‘AI 기반 금융 IT 관제시스템 공동...",1
2023-03-31 11:27:00,삼성생명,"삼성생명, 기업 실무자 대상 '퇴직연금 아카데미' 실시",0
2023-03-31 09:58:00,삼성생명,"삼성생명, 2023 퇴직연금 아카데미 실시…4월부터 대면 강연",0
2023-03-31 10:12:00,삼성생명,"삼성생명, 6개 도시서 '2023 퇴직연금 아카데미' 실시",0
2023-03-31 09:28:00,삼성생명,"삼성생명, 퇴직연금 아카데미 실시",0
2023-03-28 11:38:00,삼성생명,[단독] ‘신의 영역’ 손해율 관리 가능해진다…삼성생명 도입한 ‘이것’,1
2023-03-28 11:16:00,삼성생명,"삼성생명, '디지털 프로필' 도입... 담당 설계사 정보 한눈에",0
2023-03-28 10:46:00,삼성생명,"삼성생명 ""모바일서 설계사 정보 쉽게 확인하세요""",0
2023-03-28 10:43:00,삼성생명,"삼성생명, 설계사 정보 보이는 디지털 프로필 도입",0
2023-03-28 09:48:00,삼성생명,삼성생명 '디지털 프로필' 도입…담당 설계사 정보 한눈에,0
2023-03-28 08:48:00,삼성생명,"삼성생명, '설계사 정보' 보이는 디지털 프로필 도입",0
2023-03-28 10:54:00,삼성생명,"삼성생명, 담당 컨설턴트 정보 제공하는 '디지털 프로필' 도입",0
2023-03-28 10:13:00,삼성생명,"삼성생명, 컨설턴트 디지털 프로필 도입…가상인간 안내도",0
2023-03-28 09:48:00,삼성생명,"""컨설턴트 정보, 디지털 프로필로""···삼성생명, 디지털 콘텐츠 강화",0
2023-03-28 09:35:00,삼성생명,"삼성생명, ‘디지털 프로필’ 도입…담당 컨설턴트 정보 조회 가능",0
2023-03-15 14:46:00,삼성생명,"삼성생명, 올해 고객패널과 대면식 개최",0
2023-03-15 10:48:00,삼성생명,삼성생명 시니어·MZ 등 고객패널 1000명으로 확대... ‘소통 강...,0
2023-03-15 09:52:00,삼성생명,삼성생명 고객패널 1천명으로 확대…소비자 의견수렴,0
2023-03-31 09:33:00,삼성생명,"안랩 자회사 제이슨-삼성생명, ‘AI 기반 금융 IT 관제시스템 공동개...",1
2023-03-31 09:28:00,삼성생명,"삼성생명, 퇴직연금 아카데미 실시",0
2023-03-28 11:38:00,삼성생명,[단독] ‘신의 영역’ 손해율 관리 가능해진다…삼성생명 도입한 ‘이것’,1
2023-03-28 11:16:00,삼성생명,"삼성생명, '디지털 프로필' 도입... 담당 설계사 정보 한눈에",0
2023-03-28 10:46:00,삼성생명,"삼성생명 ""모바일서 설계사 정보 쉽게 확인하세요""",0
2023-03-28 10:43:00,삼성생명,"삼성생명, 설계사 정보 보이는 디지털 프로필 도입",0
2023-03-28 09:48:00,삼성생명,삼성생명 '디지털 프로필' 도입…담당 설계사 정보 한눈에,0
2023-03-28 08:48:00,삼성생명,"삼성생명, '설계사 정보' 보이는 디지털 프로필 도입",0
2023-03-28 10:54:00,삼성생명,"삼성생명, 담당 컨설턴트 정보 제공하는 '디지털 프로필' 도입",0
2023-03-28 10:13:00,삼성생명,"삼성생명, 컨설턴트 디지털 프로필 도입…가상인간 안내도",0
2023-03-28 09:48:00,삼성생명,"""컨설턴트 정보, 디지털 프로필로""···삼성생명, 디지털 콘텐츠 강화",0
2023-03-28 09:35:00,삼성생명,"삼성생명, ‘디지털 프로필’ 도입…담당 컨설턴트 정보 조회 가능",0
2023-03-15 14:46:00,삼성생명,"삼성생명, 올해 고객패널과 대면식 개최",0
2023-03-15 10:48:00,삼성생명,삼성생명 시니어·MZ 등 고객패널 1000명으로 확대... ‘소통 강...,0
2023-03-15 09:52:00,삼성생명,삼성생명 고객패널 1천명으로 확대…소비자 의견수렴,0
2023-03-15 10:37:00,삼성생명,"삼성생명, 고객패널 1000명으로 확대 선발",0
2023-03-15 10:21:00,삼성생명,"삼성생명, 고객패널 1000명으로 확대…시니어·MZ 유닛도",0
2023-03-15 10:12:00,삼성생명,"삼성생명, 고객패널 1000명으로 확대 선발",0
2023-03-15 10:11:00,삼성생명,"삼성생명, 고객패널 1000명으로 확대 선발",0
2023-03-15 09:02:00,삼성생명,"삼성생명, 고객패널 1000명으로 확대...'소통 강화'",0
2023-03-15 09:01:00,삼성생명,"삼성생명, 2023년도 고객패널 킥오프…경영혁신에 1000명 참여",0
2023-03-12 15:08:00,삼성생명,"IFRS17 도입에 바뀌는 삼성생명 가계부…""자산 17兆 증가""",0
2023-03-10 07:55:00,삼성생명,"삼성생명, IFRS17 전환 영향 발표…주주환원 확대 여부 관심-이베스...",0
2023-03-08 10:33:00,삼성생명,"삼성생명, 3대 질병 보장 강화·신규보장 탑재 신상품 출시",1
2023-03-08 09:46:00,삼성생명,"삼성생명, 보장 강화 ‘New종합건강보험 일당백’ 출시",1
2023-03-08 09:36:00,삼성생명,"""3대 질병 보장 강화""···삼성생명, '뉴종합건강보험 일당백' 출시",1
2023-03-08 09:11:00,삼성생명,"삼성생명, 3대 질병 보장 강화한 'New종합건강보험 일당백' 출시",1
2023-03-08 09:07:00,삼성생명,"질병 보장·건강관리 한번에...삼성생명, 종합건강보험 출시",1
2023-03-28 09:35:00,삼성생명,"삼성생명, ‘디지털 프로필’ 도입…담당 컨설턴트 정보 조회 가능",0
2023-03-28 08:48:00,삼성생명,"삼성생명, '설계사 정보' 보이는 디지털 프로필 도입",0
2023-03-15 14:46:00,삼성생명,"삼성생명, 올해 고객패널과 대면식 개최",0
2023-03-15 10:48:00,삼성생명,삼성생명 시니어·MZ 등 고객패널 1000명으로 확대... ‘소통 강...,0
2023-03-15 09:52:00,삼성생명,삼성생명 고객패널 1천명으로 확대…소비자 의견수렴,0
2023-03-15 10:37:00,삼성생명,"삼성생명, 고객패널 1000명으로 확대 선발",0
2023-03-15 10:21:00,삼성생명,"삼성생명, 고객패널 1000명으로 확대…시니어·MZ 유닛도",0
2023-03-15 10:12:00,삼성생명,"삼성생명, 고객패널 1000명으로 확대 선발",0
2023-03-15 10:11:00,삼성생명,"삼성생명, 고객패널 1000명으로 확대 선발",0
2023-03-15 09:02:00,삼성생명,"삼성생명, 고객패널 1000명으로 확대...'소통 강화'",0
2023-03-15 09:01:00,삼성생명,"삼성생명, 2023년도 고객패널 킥오프…경영혁신에 1000명 참여",0
2023-03-12 15:08:00,삼성생명,"IFRS17 도입에 바뀌는 삼성생명 가계부…""자산 17兆 증가""",0
2023-03-10 07:55:00,삼성생명,"삼성생명, IFRS17 전환 영향 발표…주주환원 확대 여부 관심-이베스...",0
2023-03-08 10:33:00,삼성생명,"삼성생명, 3대 질병 보장 강화·신규보장 탑재 신상품 출시",1
2023-03-08 09:46:00,삼성생명,"삼성생명, 보장 강화 ‘New종합건강보험 일당백’ 출시",1
2023-03-08 09:36:00,삼성생명,"""3대 질병 보장 강화""···삼성생명, '뉴종합건강보험 일당백' 출시",1
2023-03-08 09:11:00,삼성생명,"삼성생명, 3대 질병 보장 강화한 'New종합건강보험 일당백' 출시",1
2023-03-08 09:07:00,삼성생명,"질병 보장·건강관리 한번에...삼성생명, 종합건강보험 출시",1
2023-03-01 12:02:00,삼성생명,"농협은행·국민은행·삼성생명 등 6社, 금융감독원장상 수상",1
2023-02-28 16:28:00,삼성생명,보험사 작년 하반기 금리인하 수용률 54.5%…NH농협손보·삼성생명 順...,0
2023-02-27 10:59:00,삼성생명,"“IFRS17 도입, 손해보험이 유리”…삼성생명 최선호주 [투자360]",1
2023-03-15 09:01:00,삼성생명,"삼성생명, 2023년도 고객패널 킥오프…경영혁신에 1000명 참여",0
2023-03-12 15:08:00,삼성생명,"IFRS17 도입에 바뀌는 삼성생명 가계부…""자산 17兆 증가""",0
2023-03-10 07:55:00,삼성생명,"삼성생명, IFRS17 전환 영향 발표…주주환원 확대 여부 관심-이베스...",0
2023-03-08 10:33:00,삼성생명,"삼성생명, 3대 질병 보장 강화·신규보장 탑재 신상품 출시",1
2023-03-08 09:46:00,삼성생명,"삼성생명, 보장 강화 ‘New종합건강보험 일당백’ 출시",1
2023-03-08 09:36:00,삼성생명,"""3대 질병 보장 강화""···삼성생명, '뉴종합건강보험 일당백' 출시",1
2023-03-08 09:11:00,삼성생명,"삼성생명, 3대 질병 보장 강화한 'New종합건강보험 일당백' 출시",1
2023-03-08 09:07:00,삼성생명,"질병 보장·건강관리 한번에...삼성생명, 종합건강보험 출시",1
2023-03-01 12:02:00,삼성생명,"농협은행·국민은행·삼성생명 등 6社, 금융감독원장상 수상",1
2023-02-28 16:28:00,삼성생명,보험사 작년 하반기 금리인하 수용률 54.5%…NH농협손보·삼성생명 順...,0
2023-02-27 10:59:00,삼성생명,"“IFRS17 도입, 손해보험이 유리”…삼성생명 최선호주 [투자360]",1
2023-02-26 17:51:00,삼성생명,무너지는 '은행 철옹성'…삼성생명·미래에셋서 공과금·환전까지,0
2023-02-23 11:10:00,삼성생명,"삼성생명, 콜센터 연결음에 상담사 가족 목소리",0
2023-02-23 08:52:00,삼성생명,"삼성생명, 콜센터 연결음에 상담사 가족 목소리…상담품질 제고",0
2023-02-22 13:54:00,삼성생명,"삼성생명, 회계기준 전환 후 첫 주주환원 발표…보험사 이정표될 것 [투...",0
2023-02-27 10:59:00,삼성생명,"“IFRS17 도입, 손해보험이 유리”…삼성생명 최선호주 [투자360]",1
2023-02-26 17:51:00,삼성생명,무너지는 '은행 철옹성'…삼성생명·미래에셋서 공과금·환전까지,0
2023-02-23 11:10:00,삼성생명,"삼성생명, 콜센터 연결음에 상담사 가족 목소리",0
2023-02-23 08:52:00,삼성생명,"삼성생명, 콜센터 연결음에 상담사 가족 목소리…상담품질 제고",0
2023-02-22 13:54:00,삼성생명,"삼성생명, 회계기준 전환 후 첫 주주환원 발표…보험사 이정표될 것 [투...",0
2023-02-22 09:03:00,삼성생명,"현대차증권 “삼성생명, 안정적 배당 투자처...목표가 8만3000원”",1
2023-02-22 08:58:00,삼성생명,"현대차證 ""삼성생명, 안정적인 배당 투자처…목표주가 상향""",1
2023-02-22 08:39:00,삼성생명,"[클릭 e종목]""삼성생명, 보험업법 개정 이슈 미해소…투자의견 중립""",0
2023-02-22 08:06:00,삼성생명,"삼성생명, 지속적 주당배당금 증가가 변수…투자의견 '보유' -유안타",1
2023-02-21 16:42:00,삼성생명,"삼성생명, 삼성화재 2년 연속 나란히 '1조 클럽'",1
2023-02-21 15:45:00,삼성생명,삼성 금융계열사 호실적..삼성화재 2년 연속 최대실적·삼성생명도 실적...,1
2023-02-21 16:35:00,삼성생명,"법무법인 바른, 삼성생명과 CEO 자산관리·승계 제도 연구 업무협약",0
2023-02-21 15:49:00,삼성생명,"삼성생명, 작년 순익 1.6조원···""향후 배당성향 35~45%""",1
2023-02-21 15:31:00,삼성생명,"삼성생명, 당기순이익 1조5833억원…“보험이익 양호”",1
2023-02-21 14:57:00,삼성생명,"삼성생명, 지난해 당기순이익 1조5833억원…전년比 7.8% 증가",1
2023-02-21 14:44:00,삼성생명,삼성생명 지난해 순익 1조5833억원…전년 대비 7.8%↑,2
2023-02-21 14:35:00,삼성생명,"삼성생명, 지난해 순익 1.6조···전년대비 7.8%↑",1
2023-02-21 14:16:00,삼성생명,삼성생명 작년 순익 1.6兆… 전년比 7.8%↑,2
2023-02-21 14:14:00,삼성생명,"삼성생명, 지난해 당기순익 1조5833억원…전년比 7.8%↑",2
2023-02-21 16:35:00,삼성생명,"법무법인 바른, 삼성생명과 CEO 자산관리·승계 제도 연구 업무협약",0
2023-02-21 15:49:00,삼성생명,"삼성생명, 작년 순익 1.6조원···""향후 배당성향 35~45%""",1
2023-02-21 15:45:00,삼성생명,삼성 금융계열사 호실적..삼성화재 2년 연속 최대실적·삼성생명도 실적개...,1
2023-02-21 15:31:00,삼성생명,"삼성생명, 당기순이익 1조5833억원…“보험이익 양호”",1
2023-02-21 14:57:00,삼성생명,"삼성생명, 지난해 당기순이익 1조5833억원…전년比 7.8% 증가",1
2023-02-21 14:44:00,삼성생명,삼성생명 지난해 순익 1조5833억원…전년 대비 7.8%↑,2
2023-02-21 14:35:00,삼성생명,"삼성생명, 지난해 순익 1.6조···전년대비 7.8%↑",1
2023-02-21 14:16:00,삼성생명,삼성생명 작년 순익 1.6兆… 전년比 7.8%↑,2
2023-02-21 14:14:00,삼성생명,"삼성생명, 지난해 당기순익 1조5833억원…전년比 7.8%↑",2
2023-02-21 15:01:00,삼성생명,"삼성생명, 지난해 당기순이익 1.6조원…전년比 7.8% 증가",1
2023-02-21 14:12:00,삼성생명,삼성생명 작년 순익 1조5천833억원…전년 대비 7.8%↑,2
2023-02-20 18:11:00,삼성생명,"검찰, 아난티·삼성생명 압수수색",2
2023-02-20 13:16:00,삼성생명,"검찰, ‘부동산 거래 비리’ 아난티·삼성생명 압수수색",2
2023-02-20 16:19:00,삼성생명,"500억 부동산이 두달 만에 1000억…檢, 아난티·삼성생명 압색(종합...",0
2023-02-20 11:38:00,삼성생명,"檢, ‘부동산 거래 비리 의혹’ 아난티·삼성생명 압수수색",2
2023-02-20 11:07:00,삼성생명,"""두달만에 2배 차익 남기고 매각""…검찰, 아난티 호텔·삼성생명 압수...",2
2023-02-20 14:01:00,삼성생명,압도적 격차…'보험업계 맏형' 삼성생명의 질주,1
2023-02-16 07:00:00,삼성생명,"금융당국, 보험사 기강도 잡는다…삼성화재 이어 삼성생명 등 무더기 제재",2
2023-02-15 15:36:00,삼성생명,"삼성생명, 블루리본과 건강맛집 캠페인 실시",0
2023-02-15 11:34:00,삼성생명,"삼성생명, 블루리본과 ‘건강맛집’ 캠페인",0
2023-02-15 09:05:00,삼성생명,"삼성생명, 블루리본과 ‘렛츠 건강맛집’ 캠페인 시작",0
2023-02-21 14:12:00,삼성생명,삼성생명 작년 순익 1조5천833억원…전년 대비 7.8%↑,2
2023-02-20 18:11:00,삼성생명,"검찰, 아난티·삼성생명 압수수색",2
2023-02-20 13:16:00,삼성생명,"검찰, ‘부동산 거래 비리’ 아난티·삼성생명 압수수색",2
2023-02-20 16:19:00,삼성생명,"500억 부동산이 두달 만에 1000억…檢, 아난티·삼성생명 압색(종합...",0
2023-02-20 11:38:00,삼성생명,"檢, ‘부동산 거래 비리 의혹’ 아난티·삼성생명 압수수색",2
2023-02-20 11:07:00,삼성생명,"""두달만에 2배 차익 남기고 매각""…검찰, 아난티 호텔·삼성생명 압수...",2
2023-02-20 14:01:00,삼성생명,압도적 격차…'보험업계 맏형' 삼성생명의 질주,1
2023-02-16 07:00:00,삼성생명,"금융당국, 보험사 기강도 잡는다…삼성화재 이어 삼성생명 등 무더기 제재",2
2023-02-15 15:36:00,삼성생명,"삼성생명, 블루리본과 건강맛집 캠페인 실시",0
2023-02-15 11:34:00,삼성생명,"삼성생명, 블루리본과 ‘건강맛집’ 캠페인",0
2023-02-15 09:05:00,삼성생명,"삼성생명, 블루리본과 ‘렛츠 건강맛집’ 캠페인 시작",0
2023-02-13 11:07:00,삼성생명,"삼성생명, 더헬스앱 '걷기습관 만들기' 챌린지 실시",0
2023-02-13 10:49:00,삼성생명,"""걸음수 달성하고 스니커즈 받자""...삼성생명, '걷기습관 만들기' ...",0
2023-02-13 09:24:00,삼성생명,"삼성생명, 더헬스 앱 ‘걷기 습관 만들기’ 챌린지 실시",0
2023-02-13 08:45:00,삼성생명,"삼성생명, 더헬스앱 '걷기습관 만들기' 챌린지 전개",0
2023-02-13 08:39:00,삼성생명,"삼성생명, 더헬스앱 ‘걷기습관 만들기’ 챌린지 진행",0
2023-02-13 10:36:00,삼성생명,"“걷기하면 한정판 스니커즈” 삼성생명, 걷기 챌린지 전개",0
2023-02-13 09:13:00,삼성생명,"삼성생명 ""걷기목표 달성하면 한정판 스니커즈 증정""",0
2023-02-09 09:37:00,삼성생명,"삼성생명, 컨설턴트 교육체계 개편…'세일즈 아카데미' 신설",0
2023-02-09 09:36:00,삼성생명,"삼성생명, 보험 설계사 교육 체계 전면 개편",0
2023-02-09 09:18:00,삼성생명,"삼성생명, 컨설턴트 전문 맞춤 교육으로 역량 강화",0
2023-02-09 09:33:00,삼성생명,"삼성생명, 컨설턴트 역량강화 위한 교육체계 개편",0
2023-02-09 09:27:00,삼성생명,"삼성생명, 컨설턴트 교육체계 개편",0
2023-02-09 08:40:00,삼성생명,"삼성생명, 2023년 컨설턴트 교육체계 개편…“전문 역량 강화”",0
2023-02-15 09:05:00,삼성생명,"삼성생명, 블루리본과 ‘렛츠 건강맛집’ 캠페인 시작",0
2023-02-13 11:07:00,삼성생명,"삼성생명, 더헬스앱 '걷기습관 만들기' 챌린지 실시",0
2023-02-13 10:49:00,삼성생명,"""걸음수 달성하고 스니커즈 받자""...삼성생명, '걷기습관 만들기' ...",0
2023-02-13 09:24:00,삼성생명,"삼성생명, 더헬스 앱 ‘걷기 습관 만들기’ 챌린지 실시",0
2023-02-13 08:45:00,삼성생명,"삼성생명, 더헬스앱 '걷기습관 만들기' 챌린지 전개",0
2023-02-13 08:39:00,삼성생명,"삼성생명, 더헬스앱 ‘걷기습관 만들기’ 챌린지 진행",0
2023-02-13 10:36:00,삼성생명,"“걷기하면 한정판 스니커즈” 삼성생명, 걷기 챌린지 전개",0
2023-02-13 09:13:00,삼성생명,"삼성생명 ""걷기목표 달성하면 한정판 스니커즈 증정""",0
2023-02-09 09:37:00,삼성생명,"삼성생명, 컨설턴트 교육체계 개편…'세일즈 아카데미' 신설",0
2023-02-09 09:36:00,삼성생명,"삼성생명, 보험 설계사 교육 체계 전면 개편",0
2023-02-09 09:18:00,삼성생명,"삼성생명, 컨설턴트 전문 맞춤 교육으로 역량 강화",0
2023-02-09 09:33:00,삼성생명,"삼성생명, 컨설턴트 역량강화 위한 교육체계 개편",0
2023-02-09 09:27:00,삼성생명,"삼성생명, 컨설턴트 교육체계 개편",0
2023-02-09 08:40:00,삼성생명,"삼성생명, 2023년 컨설턴트 교육체계 개편…“전문 역량 강화”",0
2023-02-07 17:51:00,삼성생명,"삼성생명 ""글로벌 인재 모셔라""…런던 콘퍼런스 챙긴 전영묵 사장",0
2023-02-05 18:12:00,삼성생명,삼성생명 콜센터 연결음에 상담사 가족 목소리 담았다,0
2023-02-05 15:08:00,삼성생명,"삼성생명, 감정노동자 상담사 인권보호 나서",0
2023-02-05 16:05:00,삼성생명,"삼성생명, 스마트안내장 도입 나무 6천그루 보호",0
2023-01-22 17:47:00,삼성생명,"금감원, 삼성생명 퇴직연금 관련 경영유의 2건 등 통보",0
2023-01-22 14:32:00,삼성생명,"금감원, 삼성생명에 '퇴직연금 리스크 관리' 요구",0
2023-01-22 14:32:00,삼성생명,"금감원, 삼성생명에 퇴직연금 리스크 관리 요구",0
2023-01-22 14:01:00,삼성생명,"금감원, 삼성생명에 '퇴직연금 리스크 관리' 요구",0
2023-01-22 13:33:00,삼성생명,"금감원, 삼성생명에 '퇴직연금 리스크 관리' 요구",0
2023-01-09 06:12:00,삼성생명,[인사이드 스토리]바뀌는 보험 장부…삼성생명에 쏠린 눈,0
2023-02-09 09:33:00,삼성생명,"삼성생명, 컨설턴트 역량강화 위한 교육체계 개편",0
2023-02-09 09:27:00,삼성생명,"삼성생명, 컨설턴트 교육체계 개편",0
2023-02-09 08:40:00,삼성생명,"삼성생명, 2023년 컨설턴트 교육체계 개편…“전문 역량 강화”",0
2023-02-09 09:18:00,삼성생명,"삼성생명, 컨설턴트 전문 맞춤 교육으로 역량 강화",0
2023-02-07 17:51:00,삼성생명,"삼성생명 ""글로벌 인재 모셔라""…런던 콘퍼런스 챙긴 전영묵 사장",0
2023-02-05 18:12:00,삼성생명,삼성생명 콜센터 연결음에 상담사 가족 목소리 담았다,0
2023-02-05 15:08:00,삼성생명,"삼성생명, 감정노동자 상담사 인권보호 나서",0
2023-02-05 16:05:00,삼성생명,"삼성생명, 스마트안내장 도입 나무 6천그루 보호",0
2023-01-22 17:47:00,삼성생명,"금감원, 삼성생명 퇴직연금 관련 경영유의 2건 등 통보",0
2023-01-22 14:32:00,삼성생명,"금감원, 삼성생명에 '퇴직연금 리스크 관리' 요구",0
2023-01-22 14:32:00,삼성생명,"금감원, 삼성생명에 퇴직연금 리스크 관리 요구",0
2023-01-22 14:01:00,삼성생명,"금감원, 삼성생명에 '퇴직연금 리스크 관리' 요구",0
2023-01-22 13:33:00,삼성생명,"금감원, 삼성생명에 '퇴직연금 리스크 관리' 요구",0
2023-01-09 06:12:00,삼성생명,[인사이드 스토리]바뀌는 보험 장부…삼성생명에 쏠린 눈,0
2023-01-08 15:37:00,삼성생명,삼성생명 서소문빌딩 재개발 공사 시작…완공은?,0
2023-01-04 16:26:00,삼성생명,생명보험재단 신임 상임이사에 조태현 전 삼성생명 상무,0
2023-01-04 09:02:00,삼성생명,"생명보험재단, 신임 상임이사에 조태현 前 삼성생명 상무 선임",0
2023-01-03 14:49:00,삼성생명,'형보다 나은 아우'…성과급 희비 삼성생명·화재,0
2023-01-22 14:32:00,삼성생명,"금감원, 삼성생명에 퇴직연금 리스크 관리 요구",0
2023-01-22 14:01:00,삼성생명,"금감원, 삼성생명에 '퇴직연금 리스크 관리' 요구",0
2023-01-22 13:33:00,삼성생명,"금감원, 삼성생명에 '퇴직연금 리스크 관리' 요구",0
2023-01-09 06:12:00,삼성생명,[인사이드 스토리]바뀌는 보험 장부…삼성생명에 쏠린 눈,0
2023-01-08 15:37:00,삼성생명,삼성생명 서소문빌딩 재개발 공사 시작…완공은?,0
2023-01-04 16:26:00,삼성생명,생명보험재단 신임 상임이사에 조태현 전 삼성생명 상무,0
2023-01-04 09:02:00,삼성생명,"생명보험재단, 신임 상임이사에 조태현 前 삼성생명 상무 선임",0
2023-01-03 14:49:00,삼성생명,'형보다 나은 아우'…성과급 희비 삼성생명·화재,0
2023-01-02 16:11:00,삼성생명,전영묵 삼성생명 대표이사 사장 신년사 (전문),0
2022-12-30 17:13:00,삼성생명,삼성생명 등 8개사 '햇살론 보험' 출시,1
2022-12-30 08:58:00,삼성생명,"""차주 생명보험주 매수 추천…최선호주 삼성생명·한화생명""[투자360]",1
2022-12-28 18:03:00,삼성생명,"금감원 ""삼성생명 계약자 배당금, 부채로 표시 가능""",1
2022-12-28 17:26:00,삼성생명,"""삼성생명의 삼전 지분 배당금 지금처럼 '부채' 처리해도 된다""",0
2022-12-28 17:17:00,삼성생명,"금감원, 삼성생명에 새 회계기준 적용 예외 인정",0
2022-12-28 16:55:00,삼성생명,"금감원, 삼성생명에 새 회계기준 적용 예외 인정(종합)",2
2022-12-28 16:10:00,삼성생명,"금감원 ""삼성생명, 계약자 배당금 '부채'로 표기 가능""",1
2022-12-28 15:12:00,삼성생명,"금감원 ""삼성생명, 삼성전자 지분 배당금 '부채'로 분류 가능""",0
2022-12-28 14:18:00,삼성생명,"금감원 ""삼성생명 계약자 배당금, 기존처럼 회계처리 가능""",1
2022-12-28 14:00:00,삼성생명,"금감원 ""내년에도 삼성생명 계약자 배당금 '부채'로 분류 가능""",1
2022-12-28 13:33:00,삼성생명,"금감원 ""삼성생명 계약자 배당금, 회계상 '부채'로 인식 가능""",1
2022-12-28 13:24:00,삼성생명,"금감원 ""삼성생명, 계약자 배당금 부채로 분류 가능""",1
2022-12-28 12:01:00,삼성생명,"금감원 ""삼성생명 계약자 배당금 부채로 인식 가능""",1
2022-12-28 12:00:00,삼성생명,"금감원 ""삼성생명, 삼성전자 관련 계약자배당금 부채 표기 가능""",1
2022-12-28 12:00:00,삼성생명,"금감원 ""삼성생명 계약자 배당금, 회계상 '부채' 판단""",2
2022-12-26 10:53:00,삼성생명,"유안타 ""보험업법 통과시 삼성생명·전자·물산 주주에 부정적""",2
2022-12-26 09:49:00,삼성생명,"유안타 ""보험업법 통과시 삼성생명·전자·물산 주주에 부정적""",2
2022-12-30 08:58:00,삼성생명,"""차주 생명보험주 매수 추천…최선호주 삼성생명·한화생명""[투자360]",1
2022-12-28 18:03:00,삼성생명,"금감원 ""삼성생명 계약자 배당금, 부채로 표시 가능""",1
2022-12-28 17:26:00,삼성생명,"""삼성생명의 삼전 지분 배당금 지금처럼 '부채' 처리해도 된다""",0
2022-12-28 17:17:00,삼성생명,"금감원, 삼성생명에 새 회계기준 적용 예외 인정",0
2022-12-28 16:55:00,삼성생명,"금감원, 삼성생명에 새 회계기준 적용 예외 인정(종합)",2
2022-12-28 16:10:00,삼성생명,"금감원 ""삼성생명, 계약자 배당금 '부채'로 표기 가능""",1
2022-12-28 15:12:00,삼성생명,"금감원 ""삼성생명, 삼성전자 지분 배당금 '부채'로 분류 가능""",0
2022-12-28 14:18:00,삼성생명,"금감원 ""삼성생명 계약자 배당금, 기존처럼 회계처리 가능""",1
2022-12-28 14:00:00,삼성생명,"금감원 ""내년에도 삼성생명 계약자 배당금 '부채'로 분류 가능""",1
2022-12-28 13:33:00,삼성생명,"금감원 ""삼성생명 계약자 배당금, 회계상 '부채'로 인식 가능""",1
2022-12-28 13:24:00,삼성생명,"금감원 ""삼성생명, 계약자 배당금 부채로 분류 가능""",1
2022-12-28 12:01:00,삼성생명,"금감원 ""삼성생명 계약자 배당금 부채로 인식 가능""",1
2022-12-28 12:00:00,삼성생명,"금감원 ""삼성생명, 삼성전자 관련 계약자배당금 부채 표기 가능""",1
2022-12-28 12:00:00,삼성생명,"금감원 ""삼성생명 계약자 배당금, 회계상 '부채' 판단""",2
2022-12-26 10:53:00,삼성생명,"유안타 ""보험업법 통과시 삼성생명·전자·물산 주주에 부정적""",2
2022-12-26 09:49:00,삼성생명,"유안타 ""보험업법 통과시 삼성생명·전자·물산 주주에 부정적""",2
2022-12-25 18:50:00,삼성생명,"진격의 삼성생명…""IFRS17 수혜"" VS ""보험업법 개정안 악재""",1
2022-12-25 17:19:00,삼성생명,'체면 지킨' 업계 1위 삼일 삼성생명 감사인 따냈다,1
2022-12-22 18:04:00,삼성생명,"[단독] ""삼성생명 계약자 배당금은 부채""",1
2022-12-22 17:34:00,삼성생명,주식매각 부담 던 삼성생명…회계기준 충돌 우려,2
2022-12-21 17:44:00,삼성생명,삼성생명 이어 교보생명도 즉시연금 2심 승소,1
2022-12-21 16:24:00,삼성생명,"삼성생명, 2022년 건강친화 인증기업 선정",1
2022-12-13 15:54:00,삼성생명,"[특징주] 삼성생명, 회계기준 전환 모멘텀에 52주 신고가(종합)",1
2022-12-13 09:16:00,삼성생명,"[특징주] 삼성생명, 회계기준 전환 모멘텀에 52주 신고가",1
2022-12-28 13:24:00,삼성생명,"금감원 ""삼성생명, 계약자 배당금 부채로 분류 가능""",1
2022-12-28 12:01:00,삼성생명,"금감원 ""삼성생명 계약자 배당금 부채로 인식 가능""",1
2022-12-28 12:00:00,삼성생명,"금감원 ""삼성생명, 삼성전자 관련 계약자배당금 부채 표기 가능""",1
2022-12-28 12:00:00,삼성생명,"금감원 ""삼성생명 계약자 배당금, 회계상 '부채' 판단""",2
2022-12-26 10:53:00,삼성생명,"유안타 ""보험업법 통과시 삼성생명·전자·물산 주주에 부정적""",2
2022-12-26 09:49:00,삼성생명,"유안타 ""보험업법 통과시 삼성생명·전자·물산 주주에 부정적""",2
2022-12-25 18:50:00,삼성생명,"진격의 삼성생명…""IFRS17 수혜"" VS ""보험업법 개정안 악재""",1
2022-12-25 17:19:00,삼성생명,'체면 지킨' 업계 1위 삼일 삼성생명 감사인 따냈다,1
2022-12-22 18:04:00,삼성생명,"[단독] ""삼성생명 계약자 배당금은 부채""",1
2022-12-22 17:34:00,삼성생명,주식매각 부담 던 삼성생명…회계기준 충돌 우려,2
2022-12-21 17:44:00,삼성생명,삼성생명 이어 교보생명도 즉시연금 2심 승소,1
2022-12-21 16:24:00,삼성생명,"삼성생명, 2022년 건강친화 인증기업 선정",1
2022-12-13 15:54:00,삼성생명,"[특징주] 삼성생명, 회계기준 전환 모멘텀에 52주 신고가(종합)",1
2022-12-13 09:16:00,삼성생명,"[특징주] 삼성생명, 회계기준 전환 모멘텀에 52주 신고가",1
2022-12-13 08:58:00,삼성생명,"NH투자증권 “삼성생명, IFRS17 전환 긍정적… 목표주가 상향”",1
2022-12-13 08:31:00,삼성생명,"삼성생명, IFRS17 전환시 경상이익 개선 예상…목표가↑-NH",1
2022-12-13 07:55:00,삼성생명,"삼성생명, IFRS17 전환 긍정적…삼성생명법은 주가 변동 요인-NH",0
2022-12-21 17:44:00,삼성생명,삼성생명 이어 교보생명도 즉시연금 2심 승소,1
2022-12-21 16:24:00,삼성생명,"삼성생명, 2022년 건강친화 인증기업 선정",1
2022-12-13 15:54:00,삼성생명,"[특징주] 삼성생명, 회계기준 전환 모멘텀에 52주 신고가(종합)",1
2022-12-13 09:16:00,삼성생명,"[특징주] 삼성생명, 회계기준 전환 모멘텀에 52주 신고가",1
2022-12-13 08:58:00,삼성생명,"NH투자증권 “삼성생명, IFRS17 전환 긍정적… 목표주가 상향”",1
2022-12-13 08:31:00,삼성생명,"삼성생명, IFRS17 전환시 경상이익 개선 예상…목표가↑-NH",1
2022-12-13 07:55:00,삼성생명,"삼성생명, IFRS17 전환 긍정적…삼성생명법은 주가 변동 요인-NH",0
2022-12-12 16:59:00,삼성생명,‘미전실 출신’ 박종문 삼성생명 사장은 누구?,0
2022-12-12 10:43:00,삼성생명,"삼성생명, 2023년 정기 임원인사…부사장 2명 등 총 11명 승진",0
2022-12-12 10:30:00,삼성생명,"삼성생명, 보험영업-상품 전문성 갖춘 부사장 승진",0
2022-12-12 09:40:00,삼성생명,삼성생명 임원인사…송상진·이완삼 부사장 승진·女임원 3명 발탁,0
2022-12-12 10:31:00,삼성생명,삼성생명 부사장에 송상진·이완삼 선임,0
2022-12-12 10:25:00,삼성생명,"삼성생명, 임원인사… 신임 부사장에 송상진·이완삼 선임",0
2022-12-12 10:10:00,삼성생명,"삼성생명, 임원 인사 단행...부사장 2명 등 11명 승진",0
2022-12-12 10:00:00,삼성생명,"삼성생명, 임원인사…신임 부사장에 송상진·이완삼",0
2022-12-12 09:36:00,삼성생명,"삼성생명, 임원인사…신임 부사장에 송상진·이완삼",0
2022-12-12 10:26:00,삼성생명,"삼성생명·화재, 임원 인사···부사장 5명 승진",0
2022-12-12 09:52:00,삼성생명,삼성생명·삼성화재 임원 승진인사…‘전문성’ 중점 발탁,0
2022-12-12 10:13:00,삼성생명,"'삼성생명 즉시연금' 소송, 대법원 간다…가입자들 상고",2
2022-12-12 09:15:00,삼성생명,"삼성생명 즉시연금 대법 판단 받는다…소비자, 2심 불복 상고",2
2022-12-12 10:10:00,삼성생명,[인사] 삼성생명·화재,0
2022-12-12 10:30:00,삼성생명,"삼성생명, 보험영업-상품 전문성 갖춘 부사장 승진",0
2022-12-12 09:40:00,삼성생명,삼성생명 임원인사…송상진·이완삼 부사장 승진·女임원 3명 발탁,0
2022-12-12 10:26:00,삼성생명,"삼성생명·화재, 임원 인사···부사장 5명 승진",0
2022-12-12 09:52:00,삼성생명,삼성생명·삼성화재 임원 승진인사…‘전문성’ 중점 발탁,0
2022-12-12 10:25:00,삼성생명,"삼성생명, 임원인사… 신임 부사장에 송상진·이완삼 선임",0
2022-12-12 10:10:00,삼성생명,"삼성생명, 임원 인사 단행...부사장 2명 등 11명 승진",0
2022-12-12 10:00:00,삼성생명,"삼성생명, 임원인사…신임 부사장에 송상진·이완삼",0
2022-12-12 09:36:00,삼성생명,"삼성생명, 임원인사…신임 부사장에 송상진·이완삼",0
2022-12-12 10:13:00,삼성생명,"'삼성생명 즉시연금' 소송, 대법원 간다…가입자들 상고",2
2022-12-12 09:15:00,삼성생명,"삼성생명 즉시연금 대법 판단 받는다…소비자, 2심 불복 상고",2
2022-12-12 10:10:00,삼성생명,[인사] 삼성생명·화재,0
2022-12-12 08:10:00,삼성생명,"삼성생명, 지역 문제 해결 청년단체 성과공유회 실시",0
2022-12-12 00:33:00,삼성생명,"""청년들과 지역 문제 해결""…삼성생명, 5년간 50억 지원",0
2022-12-11 18:29:00,삼성생명,"""둘이 시작한 봉사활동, 이젠 181명... 삼성생명 도움 없이는 불가...",1
2022-12-11 18:06:00,삼성생명,"[단독] 삼성생명·KB금융 다시 수임…삼일, 삼정에 구긴 자존심 폈다",0
2022-12-11 09:37:00,삼성생명,"삼성생명, 지역 문제 해결 나선 청년단체 성과공유회 실시",0
2022-12-11 09:01:00,삼성생명,"민관 협력으로 상생 앞장서는 삼성생명…""청년단체와 함께 지역문제 해결...",0
2022-12-08 19:40:00,삼성생명,삼성생명 전영묵·박종문 2인 체제,0
2022-12-08 18:09:00,삼성생명,삼성생명 2인 사장 체제로…자산운용부문 사장 박종문,0
2022-12-08 17:31:00,삼성생명,"박종문 부사장, 사장 승진…삼성생명 '2인 사장' 체제",0
2022-12-08 11:10:00,삼성생명,삼성생명 2인체제로…자산운용부문 사장에 박종문,0
2022-12-08 11:01:00,삼성생명,삼성생명 2인 사장 체제로…자산운용부문 사장 박종문,0
2022-12-08 10:15:00,삼성생명,"삼성생명, 박종문 TF장 사장 승진···전영묵 CEO 연임",0
2022-12-08 09:58:00,삼성생명,"삼성생명, 2인 사장 체제로… 자산운용부문 사장에 박종문 임명",0
2022-12-12 09:15:00,삼성생명,"삼성생명 즉시연금 대법 판단 받는다…소비자, 2심 불복 상고",2
2022-12-12 08:10:00,삼성생명,"삼성생명, 지역 문제 해결 청년단체 성과공유회 실시",0
2022-12-12 00:33:00,삼성생명,"""청년들과 지역 문제 해결""…삼성생명, 5년간 50억 지원",0
2022-12-11 18:29:00,삼성생명,"""둘이 시작한 봉사활동, 이젠 181명... 삼성생명 도움 없이는 불가...",1
2022-12-11 18:06:00,삼성생명,"[단독] 삼성생명·KB금융 다시 수임…삼일, 삼정에 구긴 자존심 폈다",0
2022-12-11 09:37:00,삼성생명,"삼성생명, 지역 문제 해결 나선 청년단체 성과공유회 실시",0
2022-12-11 09:01:00,삼성생명,"민관 협력으로 상생 앞장서는 삼성생명…""청년단체와 함께 지역문제 해결...",0
2022-12-08 19:40:00,삼성생명,삼성생명 전영묵·박종문 2인 체제,0
2022-12-08 18:09:00,삼성생명,삼성생명 2인 사장 체제로…자산운용부문 사장 박종문,0
2022-12-08 17:31:00,삼성생명,"박종문 부사장, 사장 승진…삼성생명 '2인 사장' 체제",0
2022-12-08 11:10:00,삼성생명,삼성생명 2인체제로…자산운용부문 사장에 박종문,0
2022-12-08 11:01:00,삼성생명,삼성생명 2인 사장 체제로…자산운용부문 사장 박종문,0
2022-12-08 10:15:00,삼성생명,"삼성생명, 박종문 TF장 사장 승진···전영묵 CEO 연임",0
2022-12-08 09:58:00,삼성생명,"삼성생명, 2인 사장 체제로… 자산운용부문 사장에 박종문 임명",0
2022-12-08 18:25:00,삼성생명,삼성 금융 계열사 대표 유임... 박종문 삼성생명 사장 승진,0
2022-12-08 10:56:00,삼성생명,전영묵 대표 체제 유지 삼성생명…'변화·안정' 두토끼 잡을까(종합),0
2022-12-08 11:23:00,삼성생명,"삼성생명, 자산운용부문 사장에 박종문 부사장",0
2022-12-08 10:14:00,삼성생명,"삼성생명, 자산운용부문 사장에 박종문",0
2022-12-08 10:12:00,삼성생명,"삼성생명, 자산운용부문 사장에 박종문 임명",0
2022-12-08 09:49:00,삼성생명,"삼성생명, 자산운용부문 사장에 박종문",0
2022-12-08 09:34:00,삼성생명,"박종문 삼성생명 부사장, 자산운용부문 사장으로 승진",0
2022-12-08 09:33:00,삼성생명,"삼성생명, 자산운용부문 사장에 박종문",0
2022-12-08 11:19:00,삼성생명,"삼성생명, 박종문 자산운용부문장 사장 승진",0
2022-12-08 09:51:00,삼성생명,"삼성생명, 2023년 사장단 인사…박종문 자산운용부문장 사장 승진",0
2022-12-08 09:38:00,삼성생명,"삼성생명, 자산운용부문장 사장에 박종문",0
2022-12-08 09:34:00,삼성생명,삼성생명 2023년 사장단 인사…박종문 자산운용부문 사장 승진,0
2022-12-07 07:17:00,삼성생명,"삼성생명 3.6조·푸본현대 1.5조…보험업계, 마통 뚫는 사연",0
2022-12-08 17:31:00,삼성생명,"박종문 부사장, 사장 승진…삼성생명 '2인 사장' 체제",0
2022-12-08 11:10:00,삼성생명,삼성생명 2인체제로…자산운용부문 사장에 박종문,0
2022-12-08 11:01:00,삼성생명,삼성생명 2인 사장 체제로…자산운용부문 사장 박종문,0
2022-12-08 10:15:00,삼성생명,"삼성생명, 박종문 TF장 사장 승진···전영묵 CEO 연임",0
2022-12-08 09:58:00,삼성생명,"삼성생명, 2인 사장 체제로… 자산운용부문 사장에 박종문 임명",0
2022-12-08 11:23:00,삼성생명,"삼성생명, 자산운용부문 사장에 박종문 부사장",0
2022-12-08 10:14:00,삼성생명,"삼성생명, 자산운용부문 사장에 박종문",0
2022-12-08 10:12:00,삼성생명,"삼성생명, 자산운용부문 사장에 박종문 임명",0
2022-12-08 09:49:00,삼성생명,"삼성생명, 자산운용부문 사장에 박종문",0
2022-12-08 09:34:00,삼성생명,"박종문 삼성생명 부사장, 자산운용부문 사장으로 승진",0
2022-12-08 09:33:00,삼성생명,"삼성생명, 자산운용부문 사장에 박종문",0
2022-12-08 11:19:00,삼성생명,"삼성생명, 박종문 자산운용부문장 사장 승진",0
2022-12-08 09:51:00,삼성생명,"삼성생명, 2023년 사장단 인사…박종문 자산운용부문장 사장 승진",0
2022-12-08 09:38:00,삼성생명,"삼성생명, 자산운용부문장 사장에 박종문",0
2022-12-08 09:34:00,삼성생명,삼성생명 2023년 사장단 인사…박종문 자산운용부문 사장 승진,0
2022-12-08 10:56:00,삼성생명,전영묵 대표 체제 유지 삼성생명…'변화·안정' 두토끼 잡을까(종합),0
2022-12-07 07:17:00,삼성생명,"삼성생명 3.6조·푸본현대 1.5조…보험업계, 마통 뚫는 사연",0
2022-12-01 15:58:00,삼성생명,가장 믿음직한 금융사 1위에 KB국민은행·삼성생명·삼성화재 선정,1
2022-11-30 19:02:00,삼성생명,"삼성생명, 3조6000억원 규모 단기 자금 한도 확보…""유동성 위기 대...",2
2022-11-30 19:01:00,삼성생명,"삼성생명, 3조6000억 '단기 자금 한도' 확보",0
2022-11-30 18:35:00,삼성생명,"삼성생명, 3조6천억 규모 '단기 자금 한도' 확보",0
2022-11-30 17:27:00,삼성생명,"삼성생명, 유동성 확보 위해 3.6조 한도 '마통' 뚫었다",0
2022-11-30 08:55:00,삼성생명,"금소연 ""믿음직한 금융사에 삼성생명·KB국민은행 등 선정""",1
2022-11-29 18:02:00,삼성생명,"코리안리, 삼성생명과 맞손…5000억 공동재보험 계약",1
2022-11-29 11:38:00,삼성생명,"코리안리-삼성생명, 5000억 규모 준비금 공동재보험 계약",1
2022-11-29 11:22:00,삼성생명,"코리안리, 삼성생명과 5000억 공동재보험 계약",1
2022-11-29 09:55:00,삼성생명,"코리안리, 삼성생명과 5000억규모 공동재보험 계약",1
2022-11-29 09:05:00,삼성생명,"코리안리, 삼성생명과 '5000억 규모 준비금' 공동재보험 계약",1
2022-11-29 08:56:00,삼성생명,"코리안리, 삼성생명과 5000억 규모 공동재보험 계약 체결",1
2022-11-29 08:09:00,삼성생명,"코리안리, 삼성생명과 5000억 규모 준비금에 대한 공동재보험 계약 ...",1
2022-11-29 17:48:00,삼성생명,"삼성생명, 3조4000억 규모 단기차입한도 사전 설정..""유동성 대응""",0
2022-12-08 09:51:00,삼성생명,"삼성생명, 2023년 사장단 인사…박종문 자산운용부문장 사장 승진",0
2022-12-08 09:38:00,삼성생명,"삼성생명, 자산운용부문장 사장에 박종문",0
2022-12-08 09:34:00,삼성생명,삼성생명 2023년 사장단 인사…박종문 자산운용부문 사장 승진,0
2022-12-08 09:49:00,삼성생명,"삼성생명, 자산운용부문 사장에 박종문",0
2022-12-08 09:34:00,삼성생명,"박종문 삼성생명 부사장, 자산운용부문 사장으로 승진",0
2022-12-08 09:33:00,삼성생명,"삼성생명, 자산운용부문 사장에 박종문",0
2022-12-07 07:17:00,삼성생명,"삼성생명 3.6조·푸본현대 1.5조…보험업계, 마통 뚫는 사연",0
2022-12-01 15:58:00,삼성생명,가장 믿음직한 금융사 1위에 KB국민은행·삼성생명·삼성화재 선정,1
2022-11-30 19:02:00,삼성생명,"삼성생명, 3조6000억원 규모 단기 자금 한도 확보…""유동성 위기 대...",2
2022-11-30 19:01:00,삼성생명,"삼성생명, 3조6000억 '단기 자금 한도' 확보",0
2022-11-30 18:35:00,삼성생명,"삼성생명, 3조6천억 규모 '단기 자금 한도' 확보",0
2022-11-30 17:27:00,삼성생명,"삼성생명, 유동성 확보 위해 3.6조 한도 '마통' 뚫었다",0
2022-11-30 08:55:00,삼성생명,"금소연 ""믿음직한 금융사에 삼성생명·KB국민은행 등 선정""",1
2022-11-29 18:02:00,삼성생명,"코리안리, 삼성생명과 맞손…5000억 공동재보험 계약",1
2022-11-29 11:38:00,삼성생명,"코리안리-삼성생명, 5000억 규모 준비금 공동재보험 계약",1
2022-11-29 11:22:00,삼성생명,"코리안리, 삼성생명과 5000억 공동재보험 계약",1
2022-11-29 09:55:00,삼성생명,"코리안리, 삼성생명과 5000억규모 공동재보험 계약",1
2022-11-29 09:05:00,삼성생명,"코리안리, 삼성생명과 '5000억 규모 준비금' 공동재보험 계약",1
2022-11-29 08:56:00,삼성생명,"코리안리, 삼성생명과 5000억 규모 공동재보험 계약 체결",1
2022-11-29 08:09:00,삼성생명,"코리안리, 삼성생명과 5000억 규모 준비금에 대한 공동재보험 계약 ...",1
2022-11-29 17:48:00,삼성생명,"삼성생명, 3조4000억 규모 단기차입한도 사전 설정..""유동성 대응""",0
2022-11-29 14:31:00,삼성생명,"코리안리, 삼성생명과 5000억원 공동재보험 계약",1
2022-11-29 09:25:00,삼성생명,"코리안리, 삼성생명과 5000억원 규모 공동재보험 계약 체결",1
2022-11-29 08:51:00,삼성생명,"코리안리, 삼성생명과 5000억원 규모 준비금 공동재보험 계약",1
2022-11-29 08:21:00,삼성생명,"코리안리, 삼성생명과 5000억원 규모 공동재보험 계약 체결",1
2022-11-25 10:53:00,삼성생명,"삼성생명·화재 참여…삼성FN리츠, 프리IPO로 7400억 조달",0
2022-11-30 18:35:00,삼성생명,"삼성생명, 3조6천억 규모 '단기 자금 한도' 확보",0
2022-11-30 17:27:00,삼성생명,"삼성생명, 유동성 확보 위해 3.6조 한도 '마통' 뚫었다",0
2022-11-30 08:55:00,삼성생명,"금소연 ""믿음직한 금융사에 삼성생명·KB국민은행 등 선정""",1
2022-11-29 18:02:00,삼성생명,"코리안리, 삼성생명과 맞손…5000억 공동재보험 계약",1
2022-11-29 11:38:00,삼성생명,"코리안리-삼성생명, 5000억 규모 준비금 공동재보험 계약",1
2022-11-29 11:22:00,삼성생명,"코리안리, 삼성생명과 5000억 공동재보험 계약",1
2022-11-29 09:55:00,삼성생명,"코리안리, 삼성생명과 5000억규모 공동재보험 계약",1
2022-11-29 09:05:00,삼성생명,"코리안리, 삼성생명과 '5000억 규모 준비금' 공동재보험 계약",1
2022-11-29 08:56:00,삼성생명,"코리안리, 삼성생명과 5000억 규모 공동재보험 계약 체결",1
2022-11-29 08:09:00,삼성생명,"코리안리, 삼성생명과 5000억 규모 준비금에 대한 공동재보험 계약 ...",1
2022-11-29 17:48:00,삼성생명,"삼성생명, 3조4000억 규모 단기차입한도 사전 설정..""유동성 대응""",0
2022-11-29 14:31:00,삼성생명,"코리안리, 삼성생명과 5000억원 공동재보험 계약",1
2022-11-29 09:25:00,삼성생명,"코리안리, 삼성생명과 5000억원 규모 공동재보험 계약 체결",1
2022-11-29 08:51:00,삼성생명,"코리안리, 삼성생명과 5000억원 규모 준비금 공동재보험 계약",1
2022-11-29 08:21:00,삼성생명,"코리안리, 삼성생명과 5000억원 규모 공동재보험 계약 체결",1
2022-11-25 10:53:00,삼성생명,"삼성생명·화재 참여…삼성FN리츠, 프리IPO로 7400억 조달",0
2022-11-24 16:34:00,삼성생명,"삼성생명 즉시연금 2심 승소에… 보험업계는 ‘안도’, 소비자는 ‘분통’",2
2022-11-24 10:03:00,삼성생명,"[특징주]삼성생명, 즉시연금 항소심 승소에 3%대 강세",1
2022-11-23 21:32:00,삼성생명,"삼성생명, ‘4000억원’ 규모 즉시연금 공동소송 항소심 승소",2
2022-11-23 18:13:00,삼성생명,"즉시연금 '이정표' 삼성생명, 2심서 '승리'...보험업계 기대감↑",1
2022-11-23 18:02:00,삼성생명,"1심 뒤집고…삼성생명, 즉시연금 소송 이겼다",2
2022-11-23 18:01:00,삼성생명,한숨 돌린 생보업계… 삼성생명 '즉시연금 소송' 항소심 승소,2
2022-11-23 16:49:00,삼성생명,"삼성생명, ‘즉시연금 소송’ 항소심 승소…1심 판결 뒤집혀",2
2022-11-23 15:42:00,삼성생명,"삼성생명, 즉시연금 항소심서 승소…재판부 “상품 설명 충분했다”",2
2022-11-23 15:34:00,삼성생명,"삼성생명, 즉시연금 보험금 미지급 소송 2심 승소",1
2022-11-23 14:42:00,삼성생명,"'4300억 규모' 즉시연금 항소심 삼성생명 승소…법원 ""상품 설명 ...",2
2022-11-23 14:22:00,삼성생명,"""계약보다 연금 적어"" 삼성생명에 소송…가입자들 2심서 패소",2
2022-11-23 17:44:00,삼성생명,"삼성생명, 즉시연금 소송 2심서 승소",1
2022-11-23 15:27:00,삼성생명,"삼성생명, '즉시연금' 소송 2심 승소…재판부 판단 뒤집혔다",2
2022-11-23 15:16:00,삼성생명,"삼성생명, 즉시연금 1심 뒤집고 '승'···높아진 기대감",1
2022-11-22 15:02:00,삼성생명,"“확정이율+공시이율” 삼성생명, 하이브리드 연금보험 출시",1
2022-11-22 09:30:00,삼성생명,"""확정이율·공시이율 결합"" 삼성생명, '삼성 하이브리드 연금보험' 출...",0
2022-11-22 09:20:00,삼성생명,"삼성생명, 가입 5년 후 공시이율 적용하는 하이브리드 연금보험 출시",1
2022-11-22 08:41:00,삼성생명,"삼성생명, ‘하이브리드 연금보험’ 출시…‘확정이율+공시이율’ 결합",1
2022-11-29 09:05:00,삼성생명,"코리안리, 삼성생명과 '5000억 규모 준비금' 공동재보험 계약",1
2022-11-29 08:56:00,삼성생명,"코리안리, 삼성생명과 5000억 규모 공동재보험 계약 체결",1
2022-11-29 08:09:00,삼성생명,"코리안리, 삼성생명과 5000억 규모 준비금에 대한 공동재보험 계약 ...",1
2022-11-29 08:51:00,삼성생명,"코리안리, 삼성생명과 5000억원 규모 준비금 공동재보험 계약",1
2022-11-29 08:21:00,삼성생명,"코리안리, 삼성생명과 5000억원 규모 공동재보험 계약 체결",1
2022-11-25 10:53:00,삼성생명,"삼성생명·화재 참여…삼성FN리츠, 프리IPO로 7400억 조달",0
2022-11-24 16:34:00,삼성생명,"삼성생명 즉시연금 2심 승소에… 보험업계는 ‘안도’, 소비자는 ‘분통’",2
2022-11-24 10:03:00,삼성생명,"[특징주]삼성생명, 즉시연금 항소심 승소에 3%대 강세",1
2022-11-23 21:32:00,삼성생명,"삼성생명, ‘4000억원’ 규모 즉시연금 공동소송 항소심 승소",2
2022-11-23 18:13:00,삼성생명,"즉시연금 '이정표' 삼성생명, 2심서 '승리'...보험업계 기대감↑",1
2022-11-23 18:02:00,삼성생명,"1심 뒤집고…삼성생명, 즉시연금 소송 이겼다",2
2022-11-23 18:01:00,삼성생명,한숨 돌린 생보업계… 삼성생명 '즉시연금 소송' 항소심 승소,2
2022-11-23 16:49:00,삼성생명,"삼성생명, ‘즉시연금 소송’ 항소심 승소…1심 판결 뒤집혀",2
2022-11-23 15:42:00,삼성생명,"삼성생명, 즉시연금 항소심서 승소…재판부 “상품 설명 충분했다”",2
2022-11-23 15:34:00,삼성생명,"삼성생명, 즉시연금 보험금 미지급 소송 2심 승소",1
2022-11-23 14:42:00,삼성생명,"'4300억 규모' 즉시연금 항소심 삼성생명 승소…법원 ""상품 설명 ...",2
2022-11-23 14:22:00,삼성생명,"""계약보다 연금 적어"" 삼성생명에 소송…가입자들 2심서 패소",2
2022-11-23 17:44:00,삼성생명,"삼성생명, 즉시연금 소송 2심서 승소",1
2022-11-23 15:27:00,삼성생명,"삼성생명, '즉시연금' 소송 2심 승소…재판부 판단 뒤집혔다",2
2022-11-23 15:16:00,삼성생명,"삼성생명, 즉시연금 1심 뒤집고 '승'···높아진 기대감",1
2022-11-22 15:02:00,삼성생명,"“확정이율+공시이율” 삼성생명, 하이브리드 연금보험 출시",1
2022-11-22 09:30:00,삼성생명,"""확정이율·공시이율 결합"" 삼성생명, '삼성 하이브리드 연금보험' 출...",0
2022-11-22 09:20:00,삼성생명,"삼성생명, 가입 5년 후 공시이율 적용하는 하이브리드 연금보험 출시",1
2022-11-22 08:41:00,삼성생명,"삼성생명, ‘하이브리드 연금보험’ 출시…‘확정이율+공시이율’ 결합",1
2022-11-22 13:15:00,삼성생명,"삼성생명, 하이브리드 연금보험 선보여",0
2022-11-22 11:36:00,삼성생명,"삼성생명, '하이브리드 연금보험' 출시",1
2022-11-22 09:58:00,삼성생명,"삼성생명, 이율 이원화한 '하이브리드 연금보험' 출시",1
2022-11-22 09:40:00,삼성생명,"'노후대비 안성맞춤'…삼성생명, 하이브리드 연금보험 출시",1
2022-11-22 08:48:00,삼성생명,"삼성생명, 든든한 노후준비 '삼성 하이브리드 연금보험' 출시",1
2022-11-22 09:43:00,삼성생명,다시 등장한 '삼성생명'법...국회 통과 여부에 주목,0
2022-11-17 06:02:00,삼성생명,"[보험사 2022년 3분기 경영실적] ① 교보생명, 순이익 ‘1위’ 등...",1
2022-11-23 18:02:00,삼성생명,"1심 뒤집고…삼성생명, 즉시연금 소송 이겼다",2
2022-11-23 18:01:00,삼성생명,한숨 돌린 생보업계… 삼성생명 '즉시연금 소송' 항소심 승소,2
2022-11-23 16:49:00,삼성생명,"삼성생명, ‘즉시연금 소송’ 항소심 승소…1심 판결 뒤집혀",2
2022-11-23 15:42:00,삼성생명,"삼성생명, 즉시연금 항소심서 승소…재판부 “상품 설명 충분했다”",2
2022-11-23 15:34:00,삼성생명,"삼성생명, 즉시연금 보험금 미지급 소송 2심 승소",1
2022-11-23 14:42:00,삼성생명,"'4300억 규모' 즉시연금 항소심 삼성생명 승소…법원 ""상품 설명 ...",2
2022-11-23 14:22:00,삼성생명,"""계약보다 연금 적어"" 삼성생명에 소송…가입자들 2심서 패소",2
2022-11-23 17:44:00,삼성생명,"삼성생명, 즉시연금 소송 2심서 승소",1
2022-11-23 15:27:00,삼성생명,"삼성생명, '즉시연금' 소송 2심 승소…재판부 판단 뒤집혔다",2
2022-11-23 15:16:00,삼성생명,"삼성생명, 즉시연금 1심 뒤집고 '승'···높아진 기대감",1
2022-11-22 15:02:00,삼성생명,"“확정이율+공시이율” 삼성생명, 하이브리드 연금보험 출시",1
2022-11-22 09:30:00,삼성생명,"""확정이율·공시이율 결합"" 삼성생명, '삼성 하이브리드 연금보험' 출...",0
2022-11-22 09:20:00,삼성생명,"삼성생명, 가입 5년 후 공시이율 적용하는 하이브리드 연금보험 출시",1
2022-11-22 08:41:00,삼성생명,"삼성생명, ‘하이브리드 연금보험’ 출시…‘확정이율+공시이율’ 결합",1
2022-11-22 13:15:00,삼성생명,"삼성생명, 하이브리드 연금보험 선보여",0
2022-11-22 11:36:00,삼성생명,"삼성생명, '하이브리드 연금보험' 출시",1
2022-11-22 09:58:00,삼성생명,"삼성생명, 이율 이원화한 '하이브리드 연금보험' 출시",1
2022-11-22 09:40:00,삼성생명,"'노후대비 안성맞춤'…삼성생명, 하이브리드 연금보험 출시",1
2022-11-22 08:48:00,삼성생명,"삼성생명, 든든한 노후준비 '삼성 하이브리드 연금보험' 출시",1
2022-11-22 09:43:00,삼성생명,다시 등장한 '삼성생명'법...국회 통과 여부에 주목,0
2022-11-17 06:02:00,삼성생명,"[보험사 2022년 3분기 경영실적] ① 교보생명, 순이익 ‘1위’ 등...",1
2022-11-16 14:43:00,삼성생명,[인사이드 스토리]①삼성생명이 펫보험 팔게 된다면?,0
2022-11-15 08:02:00,삼성생명,"""삼성생명, 생명보험 중에서 상대적으로 양호""-유안타",1
2022-11-11 15:20:00,삼성생명,삼성생명 3분기 순이익 16.2% 감소..변액보증준비금 손실 확대,2
2022-11-11 14:29:00,삼성생명,"삼성생명, 3Q 순익 16% 감소…증시 약세로 변액보증 손실만 160...",2
2022-11-11 13:34:00,삼성생명,삼성생명 3분기 순익 16.2% 감소…변액보증손실 확대 여파,2
2022-11-11 11:05:00,삼성생명,삼성생명 3분기 당기순익 1082억원…전년비 16.2% 감소,2
2022-11-11 10:45:00,삼성생명,삼성생명 3분기 당기순이익 1082억원 …전년비 16.2% 감소,2
2022-11-11 10:19:00,삼성생명,"삼성생명, 3Q 순익 1082억원…전년比 16.2%↓ ""변액보증손실 ...",1
2022-11-11 10:12:00,삼성생명,삼성생명 3분기 순익 16.2% 감소한 1천82억원…변액보증손실↑(종...,2
2022-11-11 15:07:00,삼성생명,"삼성생명, 3분기 누적순이익 5332억…전년 比 58.8%↓",2
2022-11-11 12:09:00,삼성생명,하늘 찌른 금리에..삼성생명 3Q 누적 순익 59% 줄었다 (종합),2
2022-11-11 11:23:00,삼성생명,"삼성생명, 3분기 누적 순익 58.8%↓…작년 특별배당금 역기저효과",1
2022-11-11 09:40:00,삼성생명,삼성생명 3Q 누적순익 감소···작년 특별배당 역기저효과,1
2022-11-22 15:02:00,삼성생명,"“확정이율+공시이율” 삼성생명, 하이브리드 연금보험 출시",1
2022-11-22 09:30:00,삼성생명,"""확정이율·공시이율 결합"" 삼성생명, '삼성 하이브리드 연금보험' 출...",0
2022-11-22 09:20:00,삼성생명,"삼성생명, 가입 5년 후 공시이율 적용하는 하이브리드 연금보험 출시",1
2022-11-22 08:41:00,삼성생명,"삼성생명, ‘하이브리드 연금보험’ 출시…‘확정이율+공시이율’ 결합",1
2022-11-22 13:15:00,삼성생명,"삼성생명, 하이브리드 연금보험 선보여",0
2022-11-22 11:36:00,삼성생명,"삼성생명, '하이브리드 연금보험' 출시",1
2022-11-22 09:58:00,삼성생명,"삼성생명, 이율 이원화한 '하이브리드 연금보험' 출시",1
2022-11-22 09:40:00,삼성생명,"'노후대비 안성맞춤'…삼성생명, 하이브리드 연금보험 출시",1
2022-11-22 08:48:00,삼성생명,"삼성생명, 든든한 노후준비 '삼성 하이브리드 연금보험' 출시",1
2022-11-22 09:43:00,삼성생명,다시 등장한 '삼성생명'법...국회 통과 여부에 주목,0
2022-11-17 06:02:00,삼성생명,"[보험사 2022년 3분기 경영실적] ① 교보생명, 순이익 ‘1위’ 등...",1
2022-11-16 14:43:00,삼성생명,[인사이드 스토리]①삼성생명이 펫보험 팔게 된다면?,0
2022-11-15 08:02:00,삼성생명,"""삼성생명, 생명보험 중에서 상대적으로 양호""-유안타",1
2022-11-11 15:20:00,삼성생명,삼성생명 3분기 순이익 16.2% 감소..변액보증준비금 손실 확대,2
2022-11-11 14:29:00,삼성생명,"삼성생명, 3Q 순익 16% 감소…증시 약세로 변액보증 손실만 160...",2
2022-11-11 13:34:00,삼성생명,삼성생명 3분기 순익 16.2% 감소…변액보증손실 확대 여파,2
2022-11-11 11:05:00,삼성생명,삼성생명 3분기 당기순익 1082억원…전년비 16.2% 감소,2
2022-11-11 10:45:00,삼성생명,삼성생명 3분기 당기순이익 1082억원 …전년비 16.2% 감소,2
2022-11-11 10:19:00,삼성생명,"삼성생명, 3Q 순익 1082억원…전년比 16.2%↓ ""변액보증손실 ...",1
2022-11-11 10:12:00,삼성생명,삼성생명 3분기 순익 16.2% 감소한 1천82억원…변액보증손실↑(종...,2
2022-11-11 15:07:00,삼성생명,"삼성생명, 3분기 누적순이익 5332억…전년 比 58.8%↓",2
2022-11-11 12:09:00,삼성생명,하늘 찌른 금리에..삼성생명 3Q 누적 순익 59% 줄었다 (종합),2
2022-11-11 11:23:00,삼성생명,"삼성생명, 3분기 누적 순익 58.8%↓…작년 특별배당금 역기저효과",1
2022-11-11 09:40:00,삼성생명,삼성생명 3Q 누적순익 감소···작년 특별배당 역기저효과,1
2022-11-11 14:29:00,삼성생명,"삼성생명, 3분기 누적 당기순이익 5332억원… 전년보다 58.8% 감...",2
2022-11-11 13:36:00,삼성생명,"삼성생명 ""IFRS17 돼도 삼성전자 유배당 계약 변동 없다""",1
2022-11-17 06:02:00,삼성생명,"[보험사 2022년 3분기 경영실적] ① 교보생명, 순이익 ‘1위’ 등...",1
2022-11-16 14:43:00,삼성생명,[인사이드 스토리]①삼성생명이 펫보험 팔게 된다면?,0
2022-11-15 08:02:00,삼성생명,"""삼성생명, 생명보험 중에서 상대적으로 양호""-유안타",1
2022-11-11 15:20:00,삼성생명,삼성생명 3분기 순이익 16.2% 감소..변액보증준비금 손실 확대,2
2022-11-11 14:29:00,삼성생명,"삼성생명, 3Q 순익 16% 감소…증시 약세로 변액보증 손실만 160...",2
2022-11-11 13:34:00,삼성생명,삼성생명 3분기 순익 16.2% 감소…변액보증손실 확대 여파,2
2022-11-11 11:05:00,삼성생명,삼성생명 3분기 당기순익 1082억원…전년비 16.2% 감소,2
2022-11-11 10:45:00,삼성생명,삼성생명 3분기 당기순이익 1082억원 …전년비 16.2% 감소,2
2022-11-11 10:19:00,삼성생명,"삼성생명, 3Q 순익 1082억원…전년比 16.2%↓ ""변액보증손실 ...",1
2022-11-11 10:12:00,삼성생명,삼성생명 3분기 순익 16.2% 감소한 1천82억원…변액보증손실↑(종...,2
2022-11-11 15:07:00,삼성생명,"삼성생명, 3분기 누적순이익 5332억…전년 比 58.8%↓",2
2022-11-11 12:09:00,삼성생명,하늘 찌른 금리에..삼성생명 3Q 누적 순익 59% 줄었다 (종합),2
2022-11-11 11:23:00,삼성생명,"삼성생명, 3분기 누적 순익 58.8%↓…작년 특별배당금 역기저효과",1
2022-11-11 09:40:00,삼성생명,삼성생명 3Q 누적순익 감소···작년 특별배당 역기저효과,1
2022-11-11 14:29:00,삼성생명,"삼성생명, 3분기 누적 당기순이익 5332억원… 전년보다 58.8% 감...",2
2022-11-11 13:36:00,삼성생명,"삼성생명 ""IFRS17 돼도 삼성전자 유배당 계약 변동 없다""",1
2022-11-11 10:20:00,삼성생명,"삼성생명, 3분기 당기순이익 1082억원···전년비 16.3%↓",1
2022-11-11 10:02:00,삼성생명,"삼성생명, 3분기 당기순이익 1393억원…전년比 12.4%↓",1
2022-11-11 09:37:00,삼성생명,"삼성생명, 3분기 영업익 1332억…전년비 0.3%↓[주목 e공시]",1
2022-11-11 11:23:00,삼성생명,"삼성생명, 3분기 누적 순익 58.8%↓…작년 특별배당금 역기저효과",1
2022-11-11 09:40:00,삼성생명,삼성생명 3Q 누적순익 감소···작년 특별배당 역기저효과,1
2022-11-11 11:05:00,삼성생명,삼성생명 3분기 당기순익 1082억원…전년비 16.2% 감소,2
2022-11-11 10:45:00,삼성생명,삼성생명 3분기 당기순이익 1082억원 …전년비 16.2% 감소,2
2022-11-11 10:19:00,삼성생명,"삼성생명, 3Q 순익 1082억원…전년比 16.2%↓ ""변액보증손실 ...",1
2022-11-11 10:12:00,삼성생명,삼성생명 3분기 순익 16.2% 감소한 1천82억원…변액보증손실↑(종...,2
2022-11-11 10:20:00,삼성생명,"삼성생명, 3분기 당기순이익 1082억원···전년비 16.3%↓",1
2022-11-11 10:02:00,삼성생명,"삼성생명, 3분기 당기순이익 1393억원…전년比 12.4%↓",1
2022-11-11 09:37:00,삼성생명,"삼성생명, 3분기 영업익 1332억…전년비 0.3%↓[주목 e공시]",1
2022-11-11 09:06:00,삼성생명,"삼성생명, 3분기 매출액 11조8360억…전년비 30.1% ↑",1
2022-11-10 18:26:00,삼성생명,"[단독] 삼성생명 ""IFRS 따라 삼성전자 지분 보유""",0
2022-11-10 18:07:00,삼성생명,"삼성생명 ""전자 주가따라 손익 급변땐 경영 차질""…금감원 승인 변수",2
2022-10-31 13:02:00,삼성생명,"삼성생명, 환경 분야 모두 ‘매우 우수’ [2022 ESG 우수기업 2...",1
2022-10-27 17:38:00,삼성생명,"삼성생명, 고객 체감대기시간 20초 낮춰",0
2022-10-27 15:40:00,삼성생명,삼성생명 이어 DB손보도… 계속되는 ‘암 보험 미지급’ 논란,2
2022-11-10 18:26:00,삼성생명,"[단독] 삼성생명 ""IFRS 따라 삼성전자 지분 보유""",0
2022-11-10 18:07:00,삼성생명,"삼성생명 ""전자 주가따라 손익 급변땐 경영 차질""…금감원 승인 변수",2
2022-10-31 13:02:00,삼성생명,"삼성생명, 환경 분야 모두 ‘매우 우수’ [2022 ESG 우수기업 2...",1
2022-10-27 17:38:00,삼성생명,"삼성생명, 고객 체감대기시간 20초 낮춰",0
2022-10-27 15:40:00,삼성생명,삼성생명 이어 DB손보도… 계속되는 ‘암 보험 미지급’ 논란,2
2022-10-26 11:51:00,삼성생명,"삼성생명, 가입·계약유지·보험금 청구…모든단계 ‘디지털화’ [제27회 ...",0
2022-10-12 10:31:00,삼성생명,"삼성생명, 간편 우리집 착한종신보험 출시",1
2022-10-12 10:30:00,삼성생명,"삼성생명, 유병자도 가입하는 '간편 착한종신보험' 출시",1
2022-10-12 10:12:00,삼성생명,"삼성생명, '간편 우리집 착한종신보험' 선보여",0
2022-10-12 09:36:00,삼성생명,"삼성생명, 유병자 고객도 가입 가능한 종신보험 출시",1
2022-10-12 09:19:00,삼성생명,"삼성생명, 유병자도 가입 가능 '간편 우리집 착한종신보험' 출시",1
2022-10-12 08:49:00,삼성생명,"삼성생명, '유병자 가입기준·보험료' 낮춘 착한종신보험 출시",1
2022-10-12 08:45:00,삼성생명,"삼성생명, ‘간편 우리집 착한종신보험’ 출시",1
2022-10-11 04:05:00,삼성생명,"삼성생명, 쉽고 빠르게…고객 눈높이 맞춤 서비스 제공",0
2022-10-10 10:01:00,삼성생명,전영묵 삼성생명 사장 美출장…핀테크와 미팅·채용 간담까지,0
2022-10-07 08:56:00,삼성생명,“최근 5년간 보험민원 발생 1위…삼성생명·삼성화재”,1
2022-10-06 16:27:00,삼성생명,"김주현 ""삼성생명·화재, 삼성전자 지분 문제 고민해보겠다""",0
2022-10-12 09:19:00,삼성생명,"삼성생명, 유병자도 가입 가능 '간편 우리집 착한종신보험' 출시",1
2022-10-12 08:49:00,삼성생명,"삼성생명, '유병자 가입기준·보험료' 낮춘 착한종신보험 출시",1
2022-10-12 08:45:00,삼성생명,"삼성생명, ‘간편 우리집 착한종신보험’ 출시",1
2022-10-11 04:05:00,삼성생명,"삼성생명, 쉽고 빠르게…고객 눈높이 맞춤 서비스 제공",0
2022-10-10 10:01:00,삼성생명,전영묵 삼성생명 사장 美출장…핀테크와 미팅·채용 간담까지,0
2022-10-07 08:56:00,삼성생명,“최근 5년간 보험민원 발생 1위…삼성생명·삼성화재”,1
2022-10-06 16:27:00,삼성생명,"김주현 ""삼성생명·화재, 삼성전자 지분 문제 고민해보겠다""",0
2022-10-04 16:11:00,삼성생명,"삼성생명, 금융 통합 플랫폼 '모니모' 전용상품 확대",0
2022-09-30 10:02:00,삼성생명,"이재용 부회장, 삼성생명 30대 현장 직원들 만나 격려",0
2022-09-29 16:25:00,삼성생명,금융 챙기는 이재용… 30대 삼성생명 지점장들에게 건넨 말은,0
2022-09-29 14:11:00,삼성생명,"삼성생명, 5가지 효용별 고객케어 서비스 선보여",0
2022-09-29 09:51:00,삼성생명,"삼성생명, 노후보장 컨텐츠 ‘튼든탄 고객케어 서비스’개시",0
2022-09-29 09:29:00,삼성생명,"삼성생명, '튼든탄 고객케어' 서비스 론칭",1
2022-09-29 09:17:00,삼성생명,"삼성생명, ‘튼든탄 고객케어’ 서비스 론칭…이벤트도 진행",0
2022-09-29 09:06:00,삼성생명,"삼성생명, '튼든탄 고객케어 서비스' 출시 ""100세 인생 응원""",1
2022-09-29 11:56:00,삼성생명,"삼성생명, 30여개 '튼든탄 고객케어 서비스' 개시",0
2022-09-29 14:11:00,삼성생명,"삼성생명, 5가지 효용별 고객케어 서비스 선보여",0
2022-09-29 09:51:00,삼성생명,"삼성생명, 노후보장 컨텐츠 ‘튼든탄 고객케어 서비스’개시",0
2022-09-29 09:29:00,삼성생명,"삼성생명, '튼든탄 고객케어' 서비스 론칭",1
2022-09-29 09:17:00,삼성생명,"삼성생명, ‘튼든탄 고객케어’ 서비스 론칭…이벤트도 진행",0
2022-09-29 09:06:00,삼성생명,"삼성생명, '튼든탄 고객케어 서비스' 출시 ""100세 인생 응원""",1
2022-09-29 11:56:00,삼성생명,"삼성생명, 30여개 '튼든탄 고객케어 서비스' 개시",0
2022-09-28 18:19:00,삼성생명,"삼성생명·화재, 블랙스톤 손잡고 해외대체 투자",1
2022-09-28 10:40:00,삼성생명,"삼성생명·화재, 블랙스톤과 6.5억 달러 투자약정",0
2022-09-28 10:15:00,삼성생명,"삼성생명·화재, 美 블랙스톤과 6.5억달러 규모 투자약정 체결",1
2022-09-28 09:35:00,삼성생명,"삼성생명-삼성화재, 블랙스톤과 해외 대체투자 나선다",1
2022-09-28 09:31:00,삼성생명,"""대체투자 늘린다""…삼성생명·화재, 블랙스톤과 6.5억달러 투자 약정",1
2022-09-28 09:30:00,삼성생명,"삼성생명·화재, 美 블랙스톤과 6.5억달러 투자약정 체결",1
2022-09-28 09:03:00,삼성생명,삼성생명·화재 해외 대체투자 늘린다…블랙스톤과 약정,1
2022-09-28 17:48:00,삼성생명,"삼성생명, 블랙스톤 펀드에 9200억 투자",0
2022-09-28 11:14:00,삼성생명,"삼성생명·화재, 블랙스톤과 6.5억弗 투자약정",1
2022-09-28 09:30:00,삼성생명,"""해외 대체투자 적극 확대"" 삼성생명·화재, 미국 블랙스톤과 투자 약...",1
2022-09-28 08:46:00,삼성생명,"해외투자 확대하는 삼성생명·화재, 블랙스톤과 6.5억달러 계약",1
2022-09-22 17:29:00,삼성생명,[fn마켓워치]KT&G 초대 자금운용센터장에 김배식 전 삼성생명 사업부...,0
2022-09-22 17:06:00,삼성생명,[시그널] 삼성생명 출신 투자 귀재들 자본시장 '접수',0
2022-09-20 17:44:00,삼성생명,삼성생명 산재보험 출시…만기시 납입금 절반 환급,1
2022-09-20 11:11:00,삼성생명,"삼성생명, 중대재해법 대비 가능한 '산업재해보장보험' 출시",1
2022-09-20 11:09:00,삼성생명,"삼성생명, 중대재해처벌법 대비 산업재해 보장보험 선보여",0
2022-09-20 08:41:00,삼성생명,"삼성생명, '중대재해처벌법 대비' 산업재해보험 판매",2
2022-09-20 11:17:00,삼성생명,중처법 대비...삼성생명 ‘산재보장보험’,0
2022-09-20 10:56:00,삼성생명,"삼성생명, 산업재해보장보험 출시",1
2022-09-20 09:45:00,삼성생명,"삼성생명, 산업재해보장보험 출시 ""중대재해 대비""",1
2022-09-20 09:23:00,삼성생명,삼성생명 기업 배상 책임 보장하는 ‘산업재해보장보험’ 출시,1
2022-09-20 09:00:00,삼성생명,"삼성생명, ‘산업재해보장보험(무배당)’ 출시",1
2022-09-20 08:49:00,삼성생명,"“근로자 산재 보장”...삼성생명, 산업재해보장보험 출시",1
2022-09-20 08:36:00,삼성생명,"삼성생명, 중대재해처벌법 대비 ‘산업재해보장보험’출시",1
2022-09-15 04:03:00,삼성생명,"삼성생명, 영상통화로 가입…보험금 청구 1분이면 끝",0
2022-09-13 09:32:00,삼성생명,보험사 민원 증가율 1위는 삼성생명·한화손보,1
2022-09-28 10:15:00,삼성생명,"삼성생명·화재, 美 블랙스톤과 6.5억달러 규모 투자약정 체결",1
2022-09-28 09:35:00,삼성생명,"삼성생명-삼성화재, 블랙스톤과 해외 대체투자 나선다",1
2022-09-28 09:31:00,삼성생명,"""대체투자 늘린다""…삼성생명·화재, 블랙스톤과 6.5억달러 투자 약정",1
2022-09-28 09:30:00,삼성생명,"삼성생명·화재, 美 블랙스톤과 6.5억달러 투자약정 체결",1
2022-09-28 09:03:00,삼성생명,삼성생명·화재 해외 대체투자 늘린다…블랙스톤과 약정,1
2022-09-28 09:30:00,삼성생명,"""해외 대체투자 적극 확대"" 삼성생명·화재, 미국 블랙스톤과 투자 약정...",1
2022-09-28 08:46:00,삼성생명,"해외투자 확대하는 삼성생명·화재, 블랙스톤과 6.5억달러 계약",1
2022-09-22 17:29:00,삼성생명,[fn마켓워치]KT&G 초대 자금운용센터장에 김배식 전 삼성생명 사업부...,0
2022-09-22 17:06:00,삼성생명,[시그널] 삼성생명 출신 투자 귀재들 자본시장 '접수',0
2022-09-20 17:44:00,삼성생명,삼성생명 산재보험 출시…만기시 납입금 절반 환급,1
2022-09-20 11:11:00,삼성생명,"삼성생명, 중대재해법 대비 가능한 '산업재해보장보험' 출시",1
2022-09-20 11:09:00,삼성생명,"삼성생명, 중대재해처벌법 대비 산업재해 보장보험 선보여",0
2022-09-20 08:41:00,삼성생명,"삼성생명, '중대재해처벌법 대비' 산업재해보험 판매",2
2022-09-20 11:17:00,삼성생명,중처법 대비...삼성생명 ‘산재보장보험’,0
2022-09-20 10:56:00,삼성생명,"삼성생명, 산업재해보장보험 출시",1
2022-09-20 09:45:00,삼성생명,"삼성생명, 산업재해보장보험 출시 ""중대재해 대비""",1
2022-09-20 09:23:00,삼성생명,삼성생명 기업 배상 책임 보장하는 ‘산업재해보장보험’ 출시,1
2022-09-20 09:00:00,삼성생명,"삼성생명, ‘산업재해보장보험(무배당)’ 출시",1
2022-09-20 08:49:00,삼성생명,"“근로자 산재 보장”...삼성생명, 산업재해보장보험 출시",1
2022-09-20 08:36:00,삼성생명,"삼성생명, 중대재해처벌법 대비 ‘산업재해보장보험’출시",1
2022-09-15 04:03:00,삼성생명,"삼성생명, 영상통화로 가입…보험금 청구 1분이면 끝",0
2022-09-13 09:32:00,삼성생명,보험사 민원 증가율 1위는 삼성생명·한화손보,1
2022-09-07 16:55:00,삼성생명,"삼성생명, 인터넷 비갱신 암보험 출시",1
2022-09-07 14:12:00,삼성생명,첫 보험료 그대로…삼성생명 '인터넷 비갱신 암보험' 출시,1
2022-09-07 11:46:00,삼성생명,"삼성생명, 보험료 오를 걱정 없는 '인터넷 비갱신 암보험' 출시",1
2022-09-07 11:41:00,삼성생명,"삼성생명, 보험료 인상 걱정없는 인터넷 비갱신 암보험 출시",1
2022-09-07 11:28:00,삼성생명,"삼성생명, 가입 후 보험료 인상 없는 ‘삼성 인터넷 비갱신 암보험 출...",0
2022-09-07 09:25:00,삼성생명,삼성생명 '인터넷 비갱신 암보험' 출시,1
2022-09-07 09:22:00,삼성생명,"삼성생명, ‘삼성 인터넷 비갱신 암보험’ 출시",1
2022-09-07 09:05:00,삼성생명,"삼성생명, '인터넷 비갱신 암보험' 다이렉트 판매",0
2022-09-07 08:54:00,삼성생명,"삼성생명 '인터넷 비갱신 암보험' 출시…""보험료 오를 걱정 없다""",1
2022-09-07 08:53:00,삼성생명,"삼성생명, 보험료 오르지 않는 ‘인터넷 비갱신 암보험’판매",0
2022-09-07 08:52:00,삼성생명,"""100세까지 보험료 그대로"" 삼성생명, 인터넷 비갱신 암보험 출시",1
2022-09-07 08:37:00,삼성생명,"삼성생명, '보험료 고정' 인터넷 비갱신 암보험 출시",1
2022-09-05 17:13:00,삼성생명,"삼성생명, 모니모앱서 보험계약·보험금수령 '비대면' 진행",0
2022-09-20 11:17:00,삼성생명,중처법 대비...삼성생명 ‘산재보장보험’,0
2022-09-20 10:56:00,삼성생명,"삼성생명, 산업재해보장보험 출시",1
2022-09-20 09:45:00,삼성생명,"삼성생명, 산업재해보장보험 출시 ""중대재해 대비""",1
2022-09-20 09:23:00,삼성생명,삼성생명 기업 배상 책임 보장하는 ‘산업재해보장보험’ 출시,1
2022-09-20 09:00:00,삼성생명,"삼성생명, ‘산업재해보장보험(무배당)’ 출시",1
2022-09-20 08:49:00,삼성생명,"“근로자 산재 보장”...삼성생명, 산업재해보장보험 출시",1
2022-09-20 08:36:00,삼성생명,"삼성생명, 중대재해처벌법 대비 ‘산업재해보장보험’출시",1
2022-09-20 11:11:00,삼성생명,"삼성생명, 중대재해법 대비 가능한 '산업재해보장보험' 출시",1
2022-09-20 11:09:00,삼성생명,"삼성생명, 중대재해처벌법 대비 산업재해 보장보험 선보여",0
2022-09-20 08:41:00,삼성생명,"삼성생명, '중대재해처벌법 대비' 산업재해보험 판매",2
2022-09-15 04:03:00,삼성생명,"삼성생명, 영상통화로 가입…보험금 청구 1분이면 끝",0
2022-09-13 09:32:00,삼성생명,보험사 민원 증가율 1위는 삼성생명·한화손보,1
2022-09-07 16:55:00,삼성생명,"삼성생명, 인터넷 비갱신 암보험 출시",1
2022-09-07 14:12:00,삼성생명,첫 보험료 그대로…삼성생명 '인터넷 비갱신 암보험' 출시,1
2022-09-07 11:46:00,삼성생명,"삼성생명, 보험료 오를 걱정 없는 '인터넷 비갱신 암보험' 출시",1
2022-09-07 11:41:00,삼성생명,"삼성생명, 보험료 인상 걱정없는 인터넷 비갱신 암보험 출시",1
2022-09-07 11:28:00,삼성생명,"삼성생명, 가입 후 보험료 인상 없는 ‘삼성 인터넷 비갱신 암보험 출...",0
2022-09-07 09:25:00,삼성생명,삼성생명 '인터넷 비갱신 암보험' 출시,1
2022-09-07 09:22:00,삼성생명,"삼성생명, ‘삼성 인터넷 비갱신 암보험’ 출시",1
2022-09-07 09:05:00,삼성생명,"삼성생명, '인터넷 비갱신 암보험' 다이렉트 판매",0
2022-09-07 08:54:00,삼성생명,"삼성생명 '인터넷 비갱신 암보험' 출시…""보험료 오를 걱정 없다""",1
2022-09-07 08:53:00,삼성생명,"삼성생명, 보험료 오르지 않는 ‘인터넷 비갱신 암보험’판매",0
2022-09-07 08:52:00,삼성생명,"""100세까지 보험료 그대로"" 삼성생명, 인터넷 비갱신 암보험 출시",1
2022-09-07 08:37:00,삼성생명,"삼성생명, '보험료 고정' 인터넷 비갱신 암보험 출시",1
2022-09-05 17:13:00,삼성생명,"삼성생명, 모니모앱서 보험계약·보험금수령 '비대면' 진행",0
2022-09-05 09:21:00,삼성생명,"삼성생명, ‘건강자산 비갱신 암보험’ 6개월 배타적 사용권 획득",1
2022-09-04 14:23:00,삼성생명,삼성생명 '건강자산 암보험' 6개월 배타적 사용권 획득,1
2022-09-04 13:45:00,삼성생명,"삼성생명, 건강자산 비갱신 암보험 6개월 배타적 사용권",0
2022-09-04 09:43:00,삼성생명,"삼성생명, '건강자산 비갱신 암보험' 배타적 사용권 획득",1
2022-09-04 09:33:00,삼성생명,"삼성생명, 건강자산 비갱신 암보험 6개월 ‘배타적 사용권’ 획득",1
2022-09-04 09:22:00,삼성생명,"삼성생명, 건강자산 비갱신 암보험 6개월 '배타적 사용권' 획득",1
2022-09-04 09:05:00,삼성생명,"삼성생명 '건강자산 비갱신 암보험', 6개월 배타적 사용권 획득",1
2022-09-01 10:09:00,삼성생명,"삼성생명, 건강자산(山) 산행대회 실시",0
2022-09-01 10:00:00,삼성생명,삼성생명 '건강자산 산행대회' 실시,0
2022-09-01 09:21:00,삼성생명,삼성생명 '건강자산(山) 산행대회' 실시,0
2022-09-01 08:45:00,삼성생명,"삼성생명, ‘건강자산(山) 산행대회’ 실시",0
2022-08-29 11:13:00,삼성생명,정액·실손보험도 조회 가능...삼성생명 ‘보험금찾기서비스’,0
2022-08-29 11:10:00,삼성생명,"""미청구·미지급 보험금까지 조회""…삼성생명 '보험금 찾기 서비스' 출...",0
2022-08-29 10:21:00,삼성생명,"삼성생명, ‘보험금찾기서비스’ 개시…실손도 조회가능",0
2022-08-29 08:50:00,삼성생명,"삼성생명, ‘보험금 찾기 서비스’ 오픈",0
2022-09-15 04:03:00,삼성생명,"삼성생명, 영상통화로 가입…보험금 청구 1분이면 끝",0
2022-09-13 09:32:00,삼성생명,보험사 민원 증가율 1위는 삼성생명·한화손보,1
2022-09-07 16:55:00,삼성생명,"삼성생명, 인터넷 비갱신 암보험 출시",1
2022-09-07 14:12:00,삼성생명,첫 보험료 그대로…삼성생명 '인터넷 비갱신 암보험' 출시,1
2022-09-07 11:46:00,삼성생명,"삼성생명, 보험료 오를 걱정 없는 '인터넷 비갱신 암보험' 출시",1
2022-09-07 11:41:00,삼성생명,"삼성생명, 보험료 인상 걱정없는 인터넷 비갱신 암보험 출시",1
2022-09-07 11:28:00,삼성생명,"삼성생명, 가입 후 보험료 인상 없는 ‘삼성 인터넷 비갱신 암보험 출...",0
2022-09-07 09:25:00,삼성생명,삼성생명 '인터넷 비갱신 암보험' 출시,1
2022-09-07 09:22:00,삼성생명,"삼성생명, ‘삼성 인터넷 비갱신 암보험’ 출시",1
2022-09-07 09:05:00,삼성생명,"삼성생명, '인터넷 비갱신 암보험' 다이렉트 판매",0
2022-09-07 08:54:00,삼성생명,"삼성생명 '인터넷 비갱신 암보험' 출시…""보험료 오를 걱정 없다""",1
2022-09-07 08:53:00,삼성생명,"삼성생명, 보험료 오르지 않는 ‘인터넷 비갱신 암보험’판매",0
2022-09-07 08:52:00,삼성생명,"""100세까지 보험료 그대로"" 삼성생명, 인터넷 비갱신 암보험 출시",1
2022-09-07 08:37:00,삼성생명,"삼성생명, '보험료 고정' 인터넷 비갱신 암보험 출시",1
2022-09-05 17:13:00,삼성생명,"삼성생명, 모니모앱서 보험계약·보험금수령 '비대면' 진행",0
2022-09-05 09:21:00,삼성생명,"삼성생명, ‘건강자산 비갱신 암보험’ 6개월 배타적 사용권 획득",1
2022-09-04 14:23:00,삼성생명,삼성생명 '건강자산 암보험' 6개월 배타적 사용권 획득,1
2022-09-04 13:45:00,삼성생명,"삼성생명, 건강자산 비갱신 암보험 6개월 배타적 사용권",0
2022-09-04 09:43:00,삼성생명,"삼성생명, '건강자산 비갱신 암보험' 배타적 사용권 획득",1
2022-09-04 09:33:00,삼성생명,"삼성생명, 건강자산 비갱신 암보험 6개월 ‘배타적 사용권’ 획득",1
2022-09-04 09:22:00,삼성생명,"삼성생명, 건강자산 비갱신 암보험 6개월 '배타적 사용권' 획득",1
2022-09-04 09:05:00,삼성생명,"삼성생명 '건강자산 비갱신 암보험', 6개월 배타적 사용권 획득",1
2022-09-01 10:09:00,삼성생명,"삼성생명, 건강자산(山) 산행대회 실시",0
2022-09-01 10:00:00,삼성생명,삼성생명 '건강자산 산행대회' 실시,0
2022-09-01 09:21:00,삼성생명,삼성생명 '건강자산(山) 산행대회' 실시,0
2022-09-01 08:45:00,삼성생명,"삼성생명, ‘건강자산(山) 산행대회’ 실시",0
2022-08-29 11:13:00,삼성생명,정액·실손보험도 조회 가능...삼성생명 ‘보험금찾기서비스’,0
2022-08-29 11:10:00,삼성생명,"""미청구·미지급 보험금까지 조회""…삼성생명 '보험금 찾기 서비스' 출...",0
2022-08-29 10:21:00,삼성생명,"삼성생명, ‘보험금찾기서비스’ 개시…실손도 조회가능",0
2022-08-29 08:50:00,삼성생명,"삼성생명, ‘보험금 찾기 서비스’ 오픈",0
2022-08-28 18:23:00,삼성생명,"모르고 있던 내 보험금, 삼성생명이 찾아드려요",0
2022-08-28 18:08:00,삼성생명,"삼성생명, 미청구·미지급 보험금 통합조회 구축",1
2022-08-28 16:05:00,삼성생명,삼성생명 '보험금 찾기 서비스' 개시,0
2022-08-28 15:24:00,삼성생명,"삼성생명, '보험금 찾기 서비스' 오픈",0
2022-08-28 15:13:00,삼성생명,"삼성생명, 실손 포함 미청구 보험금 찾아준다",0
2022-08-28 13:22:00,삼성생명,"삼성생명, 미청구-미지급 보험금까지 찾아준다",0
2022-08-28 11:59:00,삼성생명,삼성생명 '보험금 찾기 서비스' 개시,0
2022-08-28 11:16:00,삼성생명,"삼성생명, 보험금 찾기 서비스 오픈",0
2022-08-28 09:30:00,삼성생명,"삼성생명, 미지급 보험금 알려주는 ‘보험금 찾기 서비스’ 출시",1
2022-08-28 09:26:00,삼성생명,"삼성생명, 실손 미청구 보험금 찾아주는 서비스 오픈",0
2022-08-28 09:16:00,삼성생명,"삼성생명 ""보험금 찾기 서비스 출시""",1
2022-08-28 09:12:00,삼성생명,"삼성생명, ‘보험금찾기서비스’ 개시…정액뿐 아니라 실손도 조회가능",0
2022-08-26 08:35:00,삼성생명,"""삼성생명, 그룹 지배구조 개편은 주가에 긍정적""",0
2022-09-07 08:54:00,삼성생명,"삼성생명 '인터넷 비갱신 암보험' 출시…""보험료 오를 걱정 없다""",1
2022-09-07 08:53:00,삼성생명,"삼성생명, 보험료 오르지 않는 ‘인터넷 비갱신 암보험’판매",0
2022-09-07 08:52:00,삼성생명,"""100세까지 보험료 그대로"" 삼성생명, 인터넷 비갱신 암보험 출시",1
2022-09-07 08:37:00,삼성생명,"삼성생명, '보험료 고정' 인터넷 비갱신 암보험 출시",1
2022-09-05 17:13:00,삼성생명,"삼성생명, 모니모앱서 보험계약·보험금수령 '비대면' 진행",0
2022-09-05 09:21:00,삼성생명,"삼성생명, ‘건강자산 비갱신 암보험’ 6개월 배타적 사용권 획득",1
2022-09-04 14:23:00,삼성생명,삼성생명 '건강자산 암보험' 6개월 배타적 사용권 획득,1
2022-09-04 13:45:00,삼성생명,"삼성생명, 건강자산 비갱신 암보험 6개월 배타적 사용권",0
2022-09-04 09:43:00,삼성생명,"삼성생명, '건강자산 비갱신 암보험' 배타적 사용권 획득",1
2022-09-04 09:33:00,삼성생명,"삼성생명, 건강자산 비갱신 암보험 6개월 ‘배타적 사용권’ 획득",1
2022-09-04 09:22:00,삼성생명,"삼성생명, 건강자산 비갱신 암보험 6개월 '배타적 사용권' 획득",1
2022-09-04 09:05:00,삼성생명,"삼성생명 '건강자산 비갱신 암보험', 6개월 배타적 사용권 획득",1
2022-09-01 10:09:00,삼성생명,"삼성생명, 건강자산(山) 산행대회 실시",0
2022-09-01 10:00:00,삼성생명,삼성생명 '건강자산 산행대회' 실시,0
2022-09-01 09:21:00,삼성생명,삼성생명 '건강자산(山) 산행대회' 실시,0
2022-09-01 08:45:00,삼성생명,"삼성생명, ‘건강자산(山) 산행대회’ 실시",0
2022-08-29 11:13:00,삼성생명,정액·실손보험도 조회 가능...삼성생명 ‘보험금찾기서비스’,0
2022-08-29 11:10:00,삼성생명,"""미청구·미지급 보험금까지 조회""…삼성생명 '보험금 찾기 서비스' 출...",0
2022-08-29 10:21:00,삼성생명,"삼성생명, ‘보험금찾기서비스’ 개시…실손도 조회가능",0
2022-08-29 08:50:00,삼성생명,"삼성생명, ‘보험금 찾기 서비스’ 오픈",0
2022-08-28 18:23:00,삼성생명,"모르고 있던 내 보험금, 삼성생명이 찾아드려요",0
2022-08-28 18:08:00,삼성생명,"삼성생명, 미청구·미지급 보험금 통합조회 구축",1
2022-08-28 16:05:00,삼성생명,삼성생명 '보험금 찾기 서비스' 개시,0
2022-08-28 15:24:00,삼성생명,"삼성생명, '보험금 찾기 서비스' 오픈",0
2022-08-28 15:13:00,삼성생명,"삼성생명, 실손 포함 미청구 보험금 찾아준다",0
2022-08-28 13:22:00,삼성생명,"삼성생명, 미청구-미지급 보험금까지 찾아준다",0
2022-08-28 11:59:00,삼성생명,삼성생명 '보험금 찾기 서비스' 개시,0
2022-08-28 11:16:00,삼성생명,"삼성생명, 보험금 찾기 서비스 오픈",0
2022-08-28 09:30:00,삼성생명,"삼성생명, 미지급 보험금 알려주는 ‘보험금 찾기 서비스’ 출시",1
2022-08-28 09:26:00,삼성생명,"삼성생명, 실손 미청구 보험금 찾아주는 서비스 오픈",0
2022-08-28 09:16:00,삼성생명,"삼성생명 ""보험금 찾기 서비스 출시""",1
2022-08-28 09:12:00,삼성생명,"삼성생명, ‘보험금찾기서비스’ 개시…정액뿐 아니라 실손도 조회가능",0
2022-08-26 08:35:00,삼성생명,"""삼성생명, 그룹 지배구조 개편은 주가에 긍정적""",0
2022-08-25 17:55:00,삼성생명,"'석사장교 악용' 의혹에 공정위원장 후보자 해명…""삼성생명 휴직 후 복...",2
2022-08-25 17:33:00,삼성생명,한기정 공정위원장 후보자 “삼성생명 휴직하고 군사교육…군 복무 정상 ...,0
2022-08-23 17:34:00,삼성생명,"""금산분리 완화 지원"" 가장 먼저 외친 삼성생명",0
2022-09-04 09:22:00,삼성생명,"삼성생명, 건강자산 비갱신 암보험 6개월 '배타적 사용권' 획득",1
2022-09-04 09:05:00,삼성생명,"삼성생명 '건강자산 비갱신 암보험', 6개월 배타적 사용권 획득",1
2022-09-01 10:09:00,삼성생명,"삼성생명, 건강자산(山) 산행대회 실시",0
2022-09-01 10:00:00,삼성생명,삼성생명 '건강자산 산행대회' 실시,0
2022-09-01 09:21:00,삼성생명,삼성생명 '건강자산(山) 산행대회' 실시,0
2022-09-01 08:45:00,삼성생명,"삼성생명, ‘건강자산(山) 산행대회’ 실시",0
2022-08-29 11:13:00,삼성생명,정액·실손보험도 조회 가능...삼성생명 ‘보험금찾기서비스’,0
2022-08-29 11:10:00,삼성생명,"""미청구·미지급 보험금까지 조회""…삼성생명 '보험금 찾기 서비스' 출...",0
2022-08-29 10:21:00,삼성생명,"삼성생명, ‘보험금찾기서비스’ 개시…실손도 조회가능",0
2022-08-29 08:50:00,삼성생명,"삼성생명, ‘보험금 찾기 서비스’ 오픈",0
2022-08-28 18:23:00,삼성생명,"모르고 있던 내 보험금, 삼성생명이 찾아드려요",0
2022-08-28 18:08:00,삼성생명,"삼성생명, 미청구·미지급 보험금 통합조회 구축",1
2022-08-28 16:05:00,삼성생명,삼성생명 '보험금 찾기 서비스' 개시,0
2022-08-28 15:24:00,삼성생명,"삼성생명, '보험금 찾기 서비스' 오픈",0
2022-08-28 15:13:00,삼성생명,"삼성생명, 실손 포함 미청구 보험금 찾아준다",0
2022-08-28 13:22:00,삼성생명,"삼성생명, 미청구-미지급 보험금까지 찾아준다",0
2022-08-28 11:59:00,삼성생명,삼성생명 '보험금 찾기 서비스' 개시,0
2022-08-28 11:16:00,삼성생명,"삼성생명, 보험금 찾기 서비스 오픈",0
2022-08-28 09:30:00,삼성생명,"삼성생명, 미지급 보험금 알려주는 ‘보험금 찾기 서비스’ 출시",1
2022-08-28 09:26:00,삼성생명,"삼성생명, 실손 미청구 보험금 찾아주는 서비스 오픈",0
2022-08-28 09:16:00,삼성생명,"삼성생명 ""보험금 찾기 서비스 출시""",1
2022-08-28 09:12:00,삼성생명,"삼성생명, ‘보험금찾기서비스’ 개시…정액뿐 아니라 실손도 조회가능",0
2022-08-26 08:35:00,삼성생명,"""삼성생명, 그룹 지배구조 개편은 주가에 긍정적""",0
2022-08-25 17:55:00,삼성생명,"'석사장교 악용' 의혹에 공정위원장 후보자 해명…""삼성생명 휴직 후 복...",2
2022-08-25 17:33:00,삼성생명,한기정 공정위원장 후보자 “삼성생명 휴직하고 군사교육…군 복무 정상 ...,0
2022-08-23 17:34:00,삼성생명,"""금산분리 완화 지원"" 가장 먼저 외친 삼성생명",0
2022-08-18 14:49:00,삼성생명,"삼성생명 설계사 10명 중 8명 ""건강보험이 가장 필요""",0
2022-08-18 09:39:00,삼성생명,"삼성생명 ""생명보험 고객 선호하는 상품 1위는 ‘건강보험’""",0
2022-08-18 08:56:00,삼성생명,삼성생명 고객이 선호하는 보험상품 1위는 '건강보험',0
2022-08-18 13:13:00,삼성생명,연기금·공제회 휩쓰는 삼성생명 뉴욕법인 출신들,1
2022-08-18 09:50:00,삼성생명,삼성생명 고객이 선호하는 상품은 ‘건강보험’,0
2022-08-28 18:23:00,삼성생명,"모르고 있던 내 보험금, 삼성생명이 찾아드려요",0
2022-08-28 18:08:00,삼성생명,"삼성생명, 미청구·미지급 보험금 통합조회 구축",1
2022-08-28 16:05:00,삼성생명,삼성생명 '보험금 찾기 서비스' 개시,0
2022-08-28 15:24:00,삼성생명,"삼성생명, '보험금 찾기 서비스' 오픈",0
2022-08-28 15:13:00,삼성생명,"삼성생명, 실손 포함 미청구 보험금 찾아준다",0
2022-08-28 13:22:00,삼성생명,"삼성생명, 미청구-미지급 보험금까지 찾아준다",0
2022-08-28 11:59:00,삼성생명,삼성생명 '보험금 찾기 서비스' 개시,0
2022-08-28 11:16:00,삼성생명,"삼성생명, 보험금 찾기 서비스 오픈",0
2022-08-28 09:30:00,삼성생명,"삼성생명, 미지급 보험금 알려주는 ‘보험금 찾기 서비스’ 출시",1
2022-08-28 09:26:00,삼성생명,"삼성생명, 실손 미청구 보험금 찾아주는 서비스 오픈",0
2022-08-28 09:16:00,삼성생명,"삼성생명 ""보험금 찾기 서비스 출시""",1
2022-08-28 09:12:00,삼성생명,"삼성생명, ‘보험금찾기서비스’ 개시…정액뿐 아니라 실손도 조회가능",0
2022-08-26 08:35:00,삼성생명,"""삼성생명, 그룹 지배구조 개편은 주가에 긍정적""",0
2022-08-25 17:55:00,삼성생명,"'석사장교 악용' 의혹에 공정위원장 후보자 해명…""삼성생명 휴직 후 복...",2
2022-08-25 17:33:00,삼성생명,한기정 공정위원장 후보자 “삼성생명 휴직하고 군사교육…군 복무 정상 ...,0
2022-08-23 17:34:00,삼성생명,"""금산분리 완화 지원"" 가장 먼저 외친 삼성생명",0
2022-08-18 14:49:00,삼성생명,"삼성생명 설계사 10명 중 8명 ""건강보험이 가장 필요""",0
2022-08-18 09:39:00,삼성생명,"삼성생명 ""생명보험 고객 선호하는 상품 1위는 ‘건강보험’""",0
2022-08-18 08:56:00,삼성생명,삼성생명 고객이 선호하는 보험상품 1위는 '건강보험',0
2022-08-18 13:13:00,삼성생명,연기금·공제회 휩쓰는 삼성생명 뉴욕법인 출신들,1
2022-08-18 09:50:00,삼성생명,삼성생명 고객이 선호하는 상품은 ‘건강보험’,0
2022-08-16 18:48:00,삼성생명,“퇴직금만 5억” 삼성생명 상반기 보수 대부분 퇴직자,0
2022-08-16 07:32:00,삼성생명,변액보증손실 3200억…허리띠 졸라맨 삼성생명,2
2022-08-12 11:40:00,삼성생명,"증시부진에도…삼성생명 2분기 순익 1553억, 103%↑(종합)",2
2022-08-12 10:04:00,삼성생명,삼성생명 상반기 순익 4250억...전년보다 63.5% 빠져,2
2022-08-12 09:54:00,삼성생명,"삼성생명 상반기 순익 감소···특별배당 빠지고, 변액준비금 쌓이고",2
2022-08-28 09:16:00,삼성생명,"삼성생명 ""보험금 찾기 서비스 출시""",1
2022-08-28 09:12:00,삼성생명,"삼성생명, ‘보험금찾기서비스’ 개시…정액뿐 아니라 실손도 조회가능",0
2022-08-26 08:35:00,삼성생명,"""삼성생명, 그룹 지배구조 개편은 주가에 긍정적""",0
2022-08-25 17:55:00,삼성생명,"'석사장교 악용' 의혹에 공정위원장 후보자 해명…""삼성생명 휴직 후 복...",2
2022-08-25 17:33:00,삼성생명,한기정 공정위원장 후보자 “삼성생명 휴직하고 군사교육…군 복무 정상 ...,0
2022-08-23 17:34:00,삼성생명,"""금산분리 완화 지원"" 가장 먼저 외친 삼성생명",0
2022-08-18 14:49:00,삼성생명,"삼성생명 설계사 10명 중 8명 ""건강보험이 가장 필요""",0
2022-08-18 09:39:00,삼성생명,"삼성생명 ""생명보험 고객 선호하는 상품 1위는 ‘건강보험’""",0
2022-08-18 08:56:00,삼성생명,삼성생명 고객이 선호하는 보험상품 1위는 '건강보험',0
2022-08-18 13:13:00,삼성생명,연기금·공제회 휩쓰는 삼성생명 뉴욕법인 출신들,1
2022-08-18 09:50:00,삼성생명,삼성생명 고객이 선호하는 상품은 ‘건강보험’,0
2022-08-16 18:48:00,삼성생명,“퇴직금만 5억” 삼성생명 상반기 보수 대부분 퇴직자,0
2022-08-16 07:32:00,삼성생명,변액보증손실 3200억…허리띠 졸라맨 삼성생명,2
2022-08-12 11:40:00,삼성생명,"증시부진에도…삼성생명 2분기 순익 1553억, 103%↑(종합)",2
2022-08-12 10:04:00,삼성생명,삼성생명 상반기 순익 4250억...전년보다 63.5% 빠져,2
2022-08-12 09:54:00,삼성생명,"삼성생명 상반기 순익 감소···특별배당 빠지고, 변액준비금 쌓이고",2
2022-08-18 08:56:00,삼성생명,삼성생명 고객이 선호하는 보험상품 1위는 '건강보험',0
2022-08-16 18:48:00,삼성생명,“퇴직금만 5억” 삼성생명 상반기 보수 대부분 퇴직자,0
2022-08-16 07:32:00,삼성생명,변액보증손실 3200억…허리띠 졸라맨 삼성생명,2
2022-08-12 11:40:00,삼성생명,"증시부진에도…삼성생명 2분기 순익 1553억, 103%↑(종합)",2
2022-08-12 10:04:00,삼성생명,삼성생명 상반기 순익 4250억...전년보다 63.5% 빠져,2
2022-08-12 09:54:00,삼성생명,"삼성생명 상반기 순익 감소···특별배당 빠지고, 변액준비금 쌓이고",2
2022-08-12 11:21:00,삼성생명,"삼성생명, 상반기 순익 4250억원…전년比 63.5% 하락",2
2022-08-12 10:54:00,삼성생명,"삼성생명, 2분기 순익 1553억, 103% 증가...""보험 영업 잘...",1
2022-08-12 10:46:00,삼성생명,삼성생명 2분기 당기순익 1천553억원…전년대비 103%↑(종합),1
2022-08-12 10:10:00,삼성생명,"삼성생명, 2분기 당기순이익 1553억…전년比 102.8% ↑",2
2022-08-12 10:03:00,삼성생명,"삼성생명, 상반기 당기순이익 5012억원…전년比 59.3%↓",1
2022-08-12 10:01:00,삼성생명,삼성생명 2분기 1553억원 순이익...전년동기 102% 성장,1
2022-08-12 09:31:00,삼성생명,삼성생명 2분기 실적 전년比 100% 증가,1
2022-08-12 11:16:00,삼성생명,"삼성생명, 2분기 당기순이익 1553억원…전년 대비 102.8%↑",2
2022-08-12 10:30:00,삼성생명,삼성생명 상반기 순이익 전년비 63.5% ↓…주가 하락 등 영향,2
2022-08-12 10:01:00,삼성생명,"삼성생명, 상반기 순익 4250억… 전년 대비 63.5% 하락",2
2022-08-12 09:50:00,삼성생명,"삼성생명, 2Q 영업익, 2703억…전년比 706.3% ↑",1
2022-08-12 09:04:00,삼성생명,"[공시]삼성생명, 2분기 영업익 2704억..전년비 706.3%↑",1
2022-08-12 09:02:00,삼성생명,"삼성생명, 2분기 영업익 2704억…전년비 706.3% ↑",1
2022-08-12 09:15:00,삼성생명,"삼성생명, 2분기 영업익 2703억…전년比 706%↑",1
2022-08-11 12:49:00,삼성생명,"삼성생명, 보험료 부담 낮춘 ‘우리집 착한종신보험’ 출시",1
2022-08-12 10:04:00,삼성생명,삼성생명 상반기 순익 4250억...전년보다 63.5% 빠져,2
2022-08-12 09:54:00,삼성생명,"삼성생명 상반기 순익 감소···특별배당 빠지고, 변액준비금 쌓이고",2
2022-08-12 10:03:00,삼성생명,"삼성생명, 상반기 당기순이익 5012억원…전년比 59.3%↓",1
2022-08-12 10:01:00,삼성생명,삼성생명 2분기 1553억원 순이익...전년동기 102% 성장,1
2022-08-12 09:31:00,삼성생명,삼성생명 2분기 실적 전년比 100% 증가,1
2022-08-12 10:01:00,삼성생명,"삼성생명, 상반기 순익 4250억… 전년 대비 63.5% 하락",2
2022-08-12 09:50:00,삼성생명,"삼성생명, 2Q 영업익, 2703억…전년比 706.3% ↑",1
2022-08-12 09:04:00,삼성생명,"[공시]삼성생명, 2분기 영업익 2704억..전년비 706.3%↑",1
2022-08-12 09:02:00,삼성생명,"삼성생명, 2분기 영업익 2704억…전년비 706.3% ↑",1
2022-08-12 09:15:00,삼성생명,"삼성생명, 2분기 영업익 2703억…전년比 706%↑",1
2022-08-11 12:49:00,삼성생명,"삼성생명, 보험료 부담 낮춘 ‘우리집 착한종신보험’ 출시",1
2022-08-09 17:54:00,삼성생명,삼성생명 '우리집 착한종신보험',0
2022-08-09 11:22:00,삼성생명,"""낮은 보험료로 상속자산 준비""…삼성생명 '우리집 착한종신보험' 출시",1
2022-08-09 10:29:00,삼성생명,"삼성생명, 보험료 부담 낮춘 '우리집 착한종신보험' 출시",1
2022-08-09 10:22:00,삼성생명,"삼성생명, '우리집 착한종신보험' 출시",1
2022-08-09 09:51:00,삼성생명,삼성생명 '우리집 착한종신보험' 출시…상속자산 대비,1
2022-08-09 09:39:00,삼성생명,"삼성생명, '저해지환급형' 보험료 낮춘 '우리집 착한종신보험' 출시",1
2022-08-09 09:36:00,삼성생명,"삼성생명, 사망 및 상속자산 등 보장하는 종신보험 출시",1
2022-08-09 09:11:00,삼성생명,"삼성생명, ‘우리집 착한종신보험’ 출시",1
2022-08-09 09:09:00,삼성생명,"삼성생명, 보험료 부담 낮춘 '우리집 착한종신보험' 출시",1
2022-08-09 09:05:00,삼성생명,"삼성생명, 상속자산과 상속세 대비 착한종신보험 선보여",0
2022-07-26 12:47:00,삼성생명,"몸집 불리기 나선 삼성생명 자회사형 GA, 다올프리에셋 영입",0
2022-07-26 08:50:00,삼성생명,"삼성생명금융서비스, 다올프리에셋과 양도양수 계약 체결…단독GA 첫 영...",1
2022-07-20 14:20:00,삼성생명,"삼성생명, 내달 12일 기업설명회 개최",0
2022-08-11 12:49:00,삼성생명,"삼성생명, 보험료 부담 낮춘 ‘우리집 착한종신보험’ 출시",1
2022-08-09 17:54:00,삼성생명,삼성생명 '우리집 착한종신보험',0
2022-08-09 11:22:00,삼성생명,"""낮은 보험료로 상속자산 준비""…삼성생명 '우리집 착한종신보험' 출시",1
2022-08-09 10:29:00,삼성생명,"삼성생명, 보험료 부담 낮춘 '우리집 착한종신보험' 출시",1
2022-08-09 10:22:00,삼성생명,"삼성생명, '우리집 착한종신보험' 출시",1
2022-08-09 09:51:00,삼성생명,삼성생명 '우리집 착한종신보험' 출시…상속자산 대비,1
2022-08-09 09:39:00,삼성생명,"삼성생명, '저해지환급형' 보험료 낮춘 '우리집 착한종신보험' 출시",1
2022-08-09 09:36:00,삼성생명,"삼성생명, 사망 및 상속자산 등 보장하는 종신보험 출시",1
2022-08-09 09:11:00,삼성생명,"삼성생명, ‘우리집 착한종신보험’ 출시",1
2022-08-09 09:09:00,삼성생명,"삼성생명, 보험료 부담 낮춘 '우리집 착한종신보험' 출시",1
2022-08-09 09:05:00,삼성생명,"삼성생명, 상속자산과 상속세 대비 착한종신보험 선보여",0
2022-07-26 12:47:00,삼성생명,"몸집 불리기 나선 삼성생명 자회사형 GA, 다올프리에셋 영입",0
2022-07-26 08:50:00,삼성생명,"삼성생명금융서비스, 다올프리에셋과 양도양수 계약 체결…단독GA 첫 영...",1
2022-07-20 14:20:00,삼성생명,"삼성생명, 내달 12일 기업설명회 개최",0
2022-07-19 19:33:00,삼성생명,삼성전기·삼성SDS·삼성생명 등 사내식당 개방,0
2022-07-19 19:11:00,삼성생명,"삼성생명, 보험계약 전 알릴의무 자동화 시스템 특허",1
2022-07-19 18:23:00,삼성생명,삼성생명 ‘과거 병력 자동입력 시스템’ 기술특허,1
2022-07-19 17:38:00,삼성생명,"계약전 보험금 지급이력 입력…삼성생명, 자동화 시스템 특허",1
2022-07-19 11:35:00,삼성생명,"‘계약전 알릴 의무 자동화’...삼성생명, 기술특허 취득",1
2022-07-19 11:29:00,삼성생명,"삼성생명 ‘계약 전 알릴 의무 자동화’, 업계 최초 기술특허 취득",1
2022-07-19 10:56:00,삼성생명,"‘과거 병력 자동 소환’…삼성생명, 고지의무 자동시스템 기술특허 획득",1
2022-07-19 10:43:00,삼성생명,"삼성생명, 보험 계약 전 알릴 의무 자동화 시스템 특허",1
2022-07-19 10:16:00,삼성생명,"삼성생명 ""보험 가입 전, 고지 내용 자동 확인되는 시스템 특허""",1
2022-07-19 09:47:00,삼성생명,"삼성생명, ‘계약 전 알릴 의무 자동화’ 특허 취득",1
2022-07-19 09:43:00,삼성생명,"삼성생명, '계약 전 알릴 의무 자동화' 특허 취득",1
2022-07-19 09:12:00,삼성생명,"삼성생명, 업계 최초로 '계약 전 알릴 의무 자동화' 특허 취득",1
2022-07-19 11:04:00,삼성생명,"삼성생명, 업계 최초 '계약 전 알릴 의무 자동화' 특허 취득",1
2022-07-19 10:06:00,삼성생명,"삼성생명, 업계 최초 '계약 전 알릴 의무 자동화' 특허 취득",1
2022-07-19 09:27:00,삼성생명,"삼성생명, 업계 최초 '계약 전 알릴 의무 자동화' 특허 취득",1
2022-07-19 08:50:00,삼성생명,"삼성생명, 업계 최초 ‘계약 전 알릴 의무 자동화’ 특허 취득",1
2022-07-13 14:20:00,삼성생명,"삼성생명, '건강자산 비갱신 암보험' 출시",1
2022-07-13 14:01:00,삼성생명,"삼성생명, 보험료 고정형 '건강자산 비갱신 암보험' 출시",1
2022-07-13 10:21:00,삼성생명,"삼성생명, 가입 후 보험료 인상 없는 ‘건강자산 비갱신 암보험’ 출시",1
2022-07-13 09:35:00,삼성생명,"삼성생명, 비갱신 암보험 14일부터 판매",0
2022-07-13 08:54:00,삼성생명,"삼성생명, 보험료 인상 걱정없는 ‘건강자산 비갱신 암보험’ 출시",1
2022-07-13 09:41:00,삼성생명,"삼성생명, 100세까지 보험료 안 오르는 '건강자산 비갱신 암보험' 출...",0
2022-07-13 08:53:00,삼성생명,"삼성생명, 보험료 안 오르는 '건강자산 비갱신 암보험' 출시",1
2022-08-09 09:05:00,삼성생명,"삼성생명, 상속자산과 상속세 대비 착한종신보험 선보여",0
2022-07-26 12:47:00,삼성생명,"몸집 불리기 나선 삼성생명 자회사형 GA, 다올프리에셋 영입",0
2022-07-26 08:50:00,삼성생명,"삼성생명금융서비스, 다올프리에셋과 양도양수 계약 체결…단독GA 첫 영...",1
2022-07-20 14:20:00,삼성생명,"삼성생명, 내달 12일 기업설명회 개최",0
2022-07-19 19:33:00,삼성생명,삼성전기·삼성SDS·삼성생명 등 사내식당 개방,0
2022-07-19 19:11:00,삼성생명,"삼성생명, 보험계약 전 알릴의무 자동화 시스템 특허",1
2022-07-19 18:23:00,삼성생명,삼성생명 ‘과거 병력 자동입력 시스템’ 기술특허,1
2022-07-19 17:38:00,삼성생명,"계약전 보험금 지급이력 입력…삼성생명, 자동화 시스템 특허",1
2022-07-19 11:35:00,삼성생명,"‘계약전 알릴 의무 자동화’...삼성생명, 기술특허 취득",1
2022-07-19 11:29:00,삼성생명,"삼성생명 ‘계약 전 알릴 의무 자동화’, 업계 최초 기술특허 취득",1
2022-07-19 10:56:00,삼성생명,"‘과거 병력 자동 소환’…삼성생명, 고지의무 자동시스템 기술특허 획득",1
2022-07-19 10:43:00,삼성생명,"삼성생명, 보험 계약 전 알릴 의무 자동화 시스템 특허",1
2022-07-19 10:16:00,삼성생명,"삼성생명 ""보험 가입 전, 고지 내용 자동 확인되는 시스템 특허""",1
2022-07-19 09:47:00,삼성생명,"삼성생명, ‘계약 전 알릴 의무 자동화’ 특허 취득",1
2022-07-19 09:43:00,삼성생명,"삼성생명, '계약 전 알릴 의무 자동화' 특허 취득",1
2022-07-19 09:12:00,삼성생명,"삼성생명, 업계 최초로 '계약 전 알릴 의무 자동화' 특허 취득",1
2022-07-19 11:04:00,삼성생명,"삼성생명, 업계 최초 '계약 전 알릴 의무 자동화' 특허 취득",1
2022-07-19 10:06:00,삼성생명,"삼성생명, 업계 최초 '계약 전 알릴 의무 자동화' 특허 취득",1
2022-07-19 09:27:00,삼성생명,"삼성생명, 업계 최초 '계약 전 알릴 의무 자동화' 특허 취득",1
2022-07-19 08:50:00,삼성생명,"삼성생명, 업계 최초 ‘계약 전 알릴 의무 자동화’ 특허 취득",1
2022-07-13 14:20:00,삼성생명,"삼성생명, '건강자산 비갱신 암보험' 출시",1
2022-07-13 14:01:00,삼성생명,"삼성생명, 보험료 고정형 '건강자산 비갱신 암보험' 출시",1
2022-07-13 10:21:00,삼성생명,"삼성생명, 가입 후 보험료 인상 없는 ‘건강자산 비갱신 암보험’ 출시",1
2022-07-13 09:35:00,삼성생명,"삼성생명, 비갱신 암보험 14일부터 판매",0
2022-07-13 08:54:00,삼성생명,"삼성생명, 보험료 인상 걱정없는 ‘건강자산 비갱신 암보험’ 출시",1
2022-07-13 09:41:00,삼성생명,"삼성생명, 100세까지 보험료 안 오르는 '건강자산 비갱신 암보험' 출...",0
2022-07-13 08:53:00,삼성생명,"삼성생명, 보험료 안 오르는 '건강자산 비갱신 암보험' 출시",1
2022-07-11 16:55:00,삼성생명,"삼성생명, '웹 크롤링' 활용해 보험사기 대거 적발했다",2
2022-07-11 13:50:00,삼성생명,"삼성생명, '웹크롤링' 기술로 보험사기 의심 병원 4곳 수사의뢰",2
2022-07-11 09:21:00,삼성생명,"삼성생명 ""보험사기 방지에 웹크롤링 기법 성과""",0
2022-07-11 08:53:00,삼성생명,"삼성생명 ""온라인 데이터 자동 수집해 보험사기 적극 방지""",0
2022-07-11 10:47:00,삼성생명,삼성생명 '웹 크롤링'으로 보험사기 방지 성과,0
2022-07-11 10:44:00,삼성생명,"삼성생명, 자체 개발 ‘웹 크롤링’으로 보험사기 대거 적발",2
2022-07-11 08:58:00,삼성생명,"삼성생명, ‘웹크롤링’ 활용해 보험사기 방지에 앞장",0
2022-07-19 11:04:00,삼성생명,"삼성생명, 업계 최초 '계약 전 알릴 의무 자동화' 특허 취득",1
2022-07-19 10:06:00,삼성생명,"삼성생명, 업계 최초 '계약 전 알릴 의무 자동화' 특허 취득",1
2022-07-19 09:27:00,삼성생명,"삼성생명, 업계 최초 '계약 전 알릴 의무 자동화' 특허 취득",1
2022-07-19 08:50:00,삼성생명,"삼성생명, 업계 최초 ‘계약 전 알릴 의무 자동화’ 특허 취득",1
2022-07-19 10:56:00,삼성생명,"‘과거 병력 자동 소환’…삼성생명, 고지의무 자동시스템 기술특허 획득",1
2022-07-19 10:43:00,삼성생명,"삼성생명, 보험 계약 전 알릴 의무 자동화 시스템 특허",1
2022-07-19 10:16:00,삼성생명,"삼성생명 ""보험 가입 전, 고지 내용 자동 확인되는 시스템 특허""",1
2022-07-19 09:47:00,삼성생명,"삼성생명, ‘계약 전 알릴 의무 자동화’ 특허 취득",1
2022-07-19 09:43:00,삼성생명,"삼성생명, '계약 전 알릴 의무 자동화' 특허 취득",1
2022-07-19 09:12:00,삼성생명,"삼성생명, 업계 최초로 '계약 전 알릴 의무 자동화' 특허 취득",1
2022-07-13 14:20:00,삼성생명,"삼성생명, '건강자산 비갱신 암보험' 출시",1
2022-07-13 14:01:00,삼성생명,"삼성생명, 보험료 고정형 '건강자산 비갱신 암보험' 출시",1
2022-07-13 10:21:00,삼성생명,"삼성생명, 가입 후 보험료 인상 없는 ‘건강자산 비갱신 암보험’ 출시",1
2022-07-13 09:35:00,삼성생명,"삼성생명, 비갱신 암보험 14일부터 판매",0
2022-07-13 08:54:00,삼성생명,"삼성생명, 보험료 인상 걱정없는 ‘건강자산 비갱신 암보험’ 출시",1
2022-07-13 09:41:00,삼성생명,"삼성생명, 100세까지 보험료 안 오르는 '건강자산 비갱신 암보험' 출...",0
2022-07-13 08:53:00,삼성생명,"삼성생명, 보험료 안 오르는 '건강자산 비갱신 암보험' 출시",1
2022-07-11 16:55:00,삼성생명,"삼성생명, '웹 크롤링' 활용해 보험사기 대거 적발했다",2
2022-07-11 13:50:00,삼성생명,"삼성생명, '웹크롤링' 기술로 보험사기 의심 병원 4곳 수사의뢰",2
2022-07-11 09:21:00,삼성생명,"삼성생명 ""보험사기 방지에 웹크롤링 기법 성과""",0
2022-07-11 08:53:00,삼성생명,"삼성생명 ""온라인 데이터 자동 수집해 보험사기 적극 방지""",0
2022-07-11 10:47:00,삼성생명,삼성생명 '웹 크롤링'으로 보험사기 방지 성과,0
2022-07-11 10:44:00,삼성생명,"삼성생명, 자체 개발 ‘웹 크롤링’으로 보험사기 대거 적발",2
2022-07-11 08:58:00,삼성생명,"삼성생명, ‘웹크롤링’ 활용해 보험사기 방지에 앞장",0
2022-07-08 06:08:00,삼성생명,[100대 CEO-홍원학 삼성화재 사장] 삼성생명 · 삼성화재 두루 거...,0
2022-07-06 16:48:00,삼성생명,"삼성생명, 모바일로 선물 가능한 미니생활보장보험 출시",1
2022-07-06 09:54:00,삼성생명,"삼성생명, 모바일로 선물 가능한 '미니생활보장보험' 출시",1
2022-07-06 09:27:00,삼성생명,"삼성생명, 모바일로 선물 가능한 '미니생활보장보험' 출시",1
2022-07-06 09:15:00,삼성생명,"삼성생명, 모바일로 선물 가능한 '미니생활보장보험' 출시",1
2022-07-06 09:03:00,삼성생명,"삼성생명, 모바일로 선물 가능한 ‘미니생활보장보험’ 출시",1
2022-07-06 08:47:00,삼성생명,"삼성생명, 모바일로 선물 가능한 ‘미니생활보장보험’ 출시",1
2022-07-06 08:42:00,삼성생명,"삼성생명, 모바일로 선물 가능한 ‘미니생활보장보험’ 출시",1
2022-07-06 15:50:00,삼성생명,"""1400원으로 일상생활 위험 보장"" 삼성생명, 모바일로 선물하는 미니...",0
2022-07-06 11:45:00,삼성생명,"보험도 선물한다…삼성생명, 미니생활보장보험(무) 출시",1
2022-07-06 09:28:00,삼성생명,"삼성생명, 모바일로 선물 가능한 '미니생활보장보험' 출시",1
2022-07-04 06:04:00,삼성생명,[100대CEO-전영묵 삼성생명 사장]‘보험 본업의 혁신’속도…소비자보...,0
2022-07-13 14:20:00,삼성생명,"삼성생명, '건강자산 비갱신 암보험' 출시",1
2022-07-13 14:01:00,삼성생명,"삼성생명, 보험료 고정형 '건강자산 비갱신 암보험' 출시",1
2022-07-13 10:21:00,삼성생명,"삼성생명, 가입 후 보험료 인상 없는 ‘건강자산 비갱신 암보험’ 출시",1
2022-07-13 09:35:00,삼성생명,"삼성생명, 비갱신 암보험 14일부터 판매",0
2022-07-13 08:54:00,삼성생명,"삼성생명, 보험료 인상 걱정없는 ‘건강자산 비갱신 암보험’ 출시",1
2022-07-13 09:41:00,삼성생명,"삼성생명, 100세까지 보험료 안 오르는 '건강자산 비갱신 암보험' 출...",0
2022-07-13 08:53:00,삼성생명,"삼성생명, 보험료 안 오르는 '건강자산 비갱신 암보험' 출시",1
2022-07-11 16:55:00,삼성생명,"삼성생명, '웹 크롤링' 활용해 보험사기 대거 적발했다",2
2022-07-11 13:50:00,삼성생명,"삼성생명, '웹크롤링' 기술로 보험사기 의심 병원 4곳 수사의뢰",2
2022-07-11 09:21:00,삼성생명,"삼성생명 ""보험사기 방지에 웹크롤링 기법 성과""",0
2022-07-11 08:53:00,삼성생명,"삼성생명 ""온라인 데이터 자동 수집해 보험사기 적극 방지""",0
2022-07-11 10:47:00,삼성생명,삼성생명 '웹 크롤링'으로 보험사기 방지 성과,0
2022-07-11 10:44:00,삼성생명,"삼성생명, 자체 개발 ‘웹 크롤링’으로 보험사기 대거 적발",2
2022-07-11 08:58:00,삼성생명,"삼성생명, ‘웹크롤링’ 활용해 보험사기 방지에 앞장",0
2022-07-08 06:08:00,삼성생명,[100대 CEO-홍원학 삼성화재 사장] 삼성생명 · 삼성화재 두루 거...,0
2022-07-06 16:48:00,삼성생명,"삼성생명, 모바일로 선물 가능한 미니생활보장보험 출시",1
2022-07-06 09:54:00,삼성생명,"삼성생명, 모바일로 선물 가능한 '미니생활보장보험' 출시",1
2022-07-06 09:27:00,삼성생명,"삼성생명, 모바일로 선물 가능한 '미니생활보장보험' 출시",1
2022-07-06 09:15:00,삼성생명,"삼성생명, 모바일로 선물 가능한 '미니생활보장보험' 출시",1
2022-07-06 09:03:00,삼성생명,"삼성생명, 모바일로 선물 가능한 ‘미니생활보장보험’ 출시",1
2022-07-06 08:47:00,삼성생명,"삼성생명, 모바일로 선물 가능한 ‘미니생활보장보험’ 출시",1
2022-07-06 08:42:00,삼성생명,"삼성생명, 모바일로 선물 가능한 ‘미니생활보장보험’ 출시",1
2022-07-06 15:50:00,삼성생명,"""1400원으로 일상생활 위험 보장"" 삼성생명, 모바일로 선물하는 미니...",0
2022-07-06 11:45:00,삼성생명,"보험도 선물한다…삼성생명, 미니생활보장보험(무) 출시",1
2022-07-06 09:28:00,삼성생명,"삼성생명, 모바일로 선물 가능한 '미니생활보장보험' 출시",1
2022-07-04 06:04:00,삼성생명,[100대CEO-전영묵 삼성생명 사장]‘보험 본업의 혁신’속도…소비자보...,0
2022-07-03 16:43:00,삼성생명,"SKT·삼성전자서비스·삼성생명, 20년이상 연속 인증 1위",1
2022-06-29 14:48:00,삼성생명,"라이프시맨틱스, 삼성생명과 2억5000만원 규모 앱 고도화 계약 체결",1
2022-06-29 13:54:00,삼성생명,"라이프시맨틱스, 삼성생명 앱 고도화 사업 수주",1
2022-07-11 10:44:00,삼성생명,"삼성생명, 자체 개발 ‘웹 크롤링’으로 보험사기 대거 적발",2
2022-07-11 08:58:00,삼성생명,"삼성생명, ‘웹크롤링’ 활용해 보험사기 방지에 앞장",0
2022-07-11 09:21:00,삼성생명,"삼성생명 ""보험사기 방지에 웹크롤링 기법 성과""",0
2022-07-11 08:53:00,삼성생명,"삼성생명 ""온라인 데이터 자동 수집해 보험사기 적극 방지""",0
2022-07-08 06:08:00,삼성생명,[100대 CEO-홍원학 삼성화재 사장] 삼성생명 · 삼성화재 두루 거...,0
2022-07-06 16:48:00,삼성생명,"삼성생명, 모바일로 선물 가능한 미니생활보장보험 출시",1
2022-07-06 09:54:00,삼성생명,"삼성생명, 모바일로 선물 가능한 '미니생활보장보험' 출시",1
2022-07-06 09:27:00,삼성생명,"삼성생명, 모바일로 선물 가능한 '미니생활보장보험' 출시",1
2022-07-06 09:15:00,삼성생명,"삼성생명, 모바일로 선물 가능한 '미니생활보장보험' 출시",1
2022-07-06 09:03:00,삼성생명,"삼성생명, 모바일로 선물 가능한 ‘미니생활보장보험’ 출시",1
2022-07-06 08:47:00,삼성생명,"삼성생명, 모바일로 선물 가능한 ‘미니생활보장보험’ 출시",1
2022-07-06 08:42:00,삼성생명,"삼성생명, 모바일로 선물 가능한 ‘미니생활보장보험’ 출시",1
2022-07-06 15:50:00,삼성생명,"""1400원으로 일상생활 위험 보장"" 삼성생명, 모바일로 선물하는 미니...",0
2022-07-06 11:45:00,삼성생명,"보험도 선물한다…삼성생명, 미니생활보장보험(무) 출시",1
2022-07-06 09:28:00,삼성생명,"삼성생명, 모바일로 선물 가능한 '미니생활보장보험' 출시",1
2022-07-04 06:04:00,삼성생명,[100대CEO-전영묵 삼성생명 사장]‘보험 본업의 혁신’속도…소비자보...,0
2022-07-03 16:43:00,삼성생명,"SKT·삼성전자서비스·삼성생명, 20년이상 연속 인증 1위",1
2022-06-29 14:48:00,삼성생명,"라이프시맨틱스, 삼성생명과 2억5000만원 규모 앱 고도화 계약 체결",1
2022-06-29 13:54:00,삼성생명,"라이프시맨틱스, 삼성생명 앱 고도화 사업 수주",1
2022-06-28 08:54:00,삼성생명,NH투자증권 “삼성생명 2분기까지 부진...목표가 하향 조정”,2
2022-06-28 08:38:00,삼성생명,"삼성생명, 하반기 회복 예상···일단은 ‘홀드’-NH",1
2022-06-28 08:27:00,삼성생명,"삼성생명, 2Q 부진 우려에 5만전자까지…목표가↓-NH",2
2022-06-26 15:01:00,삼성생명,"""경영 경험 토대로 법인 맞춤형 컨설팅"" 이상선 삼성생명 컨설턴트",0
2022-07-06 09:27:00,삼성생명,"삼성생명, 모바일로 선물 가능한 '미니생활보장보험' 출시",1
2022-07-06 09:15:00,삼성생명,"삼성생명, 모바일로 선물 가능한 '미니생활보장보험' 출시",1
2022-07-06 09:03:00,삼성생명,"삼성생명, 모바일로 선물 가능한 ‘미니생활보장보험’ 출시",1
2022-07-06 08:47:00,삼성생명,"삼성생명, 모바일로 선물 가능한 ‘미니생활보장보험’ 출시",1
2022-07-06 08:42:00,삼성생명,"삼성생명, 모바일로 선물 가능한 ‘미니생활보장보험’ 출시",1
2022-07-04 06:04:00,삼성생명,[100대CEO-전영묵 삼성생명 사장]‘보험 본업의 혁신’속도…소비자보...,0
2022-07-03 16:43:00,삼성생명,"SKT·삼성전자서비스·삼성생명, 20년이상 연속 인증 1위",1
2022-06-29 14:48:00,삼성생명,"라이프시맨틱스, 삼성생명과 2억5000만원 규모 앱 고도화 계약 체결",1
2022-06-29 13:54:00,삼성생명,"라이프시맨틱스, 삼성생명 앱 고도화 사업 수주",1
2022-06-28 08:54:00,삼성생명,NH투자증권 “삼성생명 2분기까지 부진...목표가 하향 조정”,2
2022-06-28 08:38:00,삼성생명,"삼성생명, 하반기 회복 예상···일단은 ‘홀드’-NH",1
2022-06-28 08:27:00,삼성생명,"삼성생명, 2Q 부진 우려에 5만전자까지…목표가↓-NH",2
2022-06-26 15:01:00,삼성생명,"""경영 경험 토대로 법인 맞춤형 컨설팅"" 이상선 삼성생명 컨설턴트",0
2022-06-25 19:01:00,삼성생명,"삼성생명, 스마트워치 연계 건강관리…보험 패러다임 변화 주도",0
2022-06-23 17:34:00,삼성생명,보험주로 약세장 '보험' 들까…삼성생명·현대해상 등 선방,2
2022-06-23 16:59:00,삼성생명,"삼성생명 사내 스타트업, 혁신서비스 속속 내놔",0
2022-06-23 09:58:00,삼성생명,"삼성생명, 사내 스타트업 아이랩 통해 혁신 아이디어 발굴",0
2022-06-23 08:52:00,삼성생명,"삼성생명, '아이디어 봇물' 사내 혁신활동 눈길",0
2022-06-23 08:49:00,삼성생명,"삼성생명, ‘사내혁신’ 박차…스타트업·아이디어숲 활동 전개",0
2022-06-23 08:45:00,삼성생명,임직원 아이디어 샘솟는 삼성생명…‘전영묵표 사내혁신’ 통했다,0
2022-06-23 15:39:00,삼성생명,"“임직원 아이디어 모으자”...삼성생명, 사내혁신 박차",0
2022-06-23 09:06:00,삼성생명,삼성생명 사내 혁신 강화…스타트업·아이디어 제안 공유,0
2022-06-23 09:03:00,삼성생명,삼성생명 “사내 스타트업 5개팀 사업화 단계”,0
2022-06-28 08:38:00,삼성생명,"삼성생명, 하반기 회복 예상···일단은 ‘홀드’-NH",1
2022-06-28 08:27:00,삼성생명,"삼성생명, 2Q 부진 우려에 5만전자까지…목표가↓-NH",2
2022-06-26 15:01:00,삼성생명,"""경영 경험 토대로 법인 맞춤형 컨설팅"" 이상선 삼성생명 컨설턴트",0
2022-06-25 19:01:00,삼성생명,"삼성생명, 스마트워치 연계 건강관리…보험 패러다임 변화 주도",0
2022-06-23 17:34:00,삼성생명,보험주로 약세장 '보험' 들까…삼성생명·현대해상 등 선방,2
2022-06-23 16:59:00,삼성생명,"삼성생명 사내 스타트업, 혁신서비스 속속 내놔",0
2022-06-23 09:58:00,삼성생명,"삼성생명, 사내 스타트업 아이랩 통해 혁신 아이디어 발굴",0
2022-06-23 08:52:00,삼성생명,"삼성생명, '아이디어 봇물' 사내 혁신활동 눈길",0
2022-06-23 08:49:00,삼성생명,"삼성생명, ‘사내혁신’ 박차…스타트업·아이디어숲 활동 전개",0
2022-06-23 08:45:00,삼성생명,임직원 아이디어 샘솟는 삼성생명…‘전영묵표 사내혁신’ 통했다,0
2022-06-23 15:39:00,삼성생명,"“임직원 아이디어 모으자”...삼성생명, 사내혁신 박차",0
2022-06-23 09:06:00,삼성생명,삼성생명 사내 혁신 강화…스타트업·아이디어 제안 공유,0
2022-06-23 09:03:00,삼성생명,삼성생명 “사내 스타트업 5개팀 사업화 단계”,0
2022-06-21 06:03:00,삼성생명,"삼성생명, 암보험부터 혈액형?저축보험까지…‘생활 밀착형’ 확대",0
2022-06-19 17:25:00,삼성생명,'해외·부동산 투자 사관학교'…삼성생명 출신 CIO 전성시대,0
2022-06-15 11:35:00,삼성생명,"삼성생명, 첫 조합원 전체투표로 임금협상 타결…한화생명은?",0
2022-06-14 19:50:00,삼성생명,"삼성생명, 첫 조합원 전체투표로 임금협상 타결…5.7% 인상",0
2022-06-14 18:37:00,삼성생명,"삼성생명, 첫 조합원 전체투표로 임금협상 타결…5.7% 인상 합의",0
2022-06-14 18:16:00,삼성생명,"삼성생명, 조합원 투표로 임금협상 타결···5.7% 인상",1
2022-06-14 18:08:00,삼성생명,"삼성생명, 전체 조합원 투표 임협 타결… 5.7% 인상",0
2022-06-14 17:54:00,삼성생명,"삼성생명 노사, 올 임금 5.7% 인상 합의",1
2022-06-14 17:49:00,삼성생명,"삼성생명, 첫 노조 전체투표 임금협상 타결...5.7% 인상",1
2022-06-14 17:29:00,삼성생명,"삼성생명, 조합원 전체투표로 임금 협상 타결",1
2022-06-14 11:28:00,삼성생명,삼성생명 노사 올 임금 5.7% 인상 합의 조합원 전체투표 통한 최초...,1
2022-06-14 09:24:00,삼성생명,"삼성생명, 첫 조합원 전체투표로 임금협상 타결… 5.7% 인상",0
2022-06-14 09:17:00,삼성생명,"삼성생명, 5.7% 임금협상 타결...조합원 투표 첫 합의",1
2022-06-14 09:07:00,삼성생명,"삼성생명, 첫 노조 전체투표 임금협상 타결…5.7% 인상",1
2022-06-14 08:53:00,삼성생명,"삼성생명, 첫 조합원 전체투표로 임금협상 타결…5.7% 인상",0
2022-06-14 08:39:00,삼성생명,"삼성생명, 조합원 전체투표 임금협상 타결…5.7% 인상",1
2022-06-14 08:02:00,삼성생명,"삼성생명, 첫 조합원 전체투표로 임금협상 타결…5.7% 인상",0
2022-06-23 08:52:00,삼성생명,"삼성생명, '아이디어 봇물' 사내 혁신활동 눈길",0
2022-06-23 08:49:00,삼성생명,"삼성생명, ‘사내혁신’ 박차…스타트업·아이디어숲 활동 전개",0
2022-06-23 08:45:00,삼성생명,임직원 아이디어 샘솟는 삼성생명…‘전영묵표 사내혁신’ 통했다,0
2022-06-21 06:03:00,삼성생명,"삼성생명, 암보험부터 혈액형?저축보험까지…‘생활 밀착형’ 확대",0
2022-06-19 17:25:00,삼성생명,'해외·부동산 투자 사관학교'…삼성생명 출신 CIO 전성시대,0
2022-06-15 11:35:00,삼성생명,"삼성생명, 첫 조합원 전체투표로 임금협상 타결…한화생명은?",0
2022-06-14 19:50:00,삼성생명,"삼성생명, 첫 조합원 전체투표로 임금협상 타결…5.7% 인상",0
2022-06-14 18:37:00,삼성생명,"삼성생명, 첫 조합원 전체투표로 임금협상 타결…5.7% 인상 합의",0
2022-06-14 18:16:00,삼성생명,"삼성생명, 조합원 투표로 임금협상 타결···5.7% 인상",1
2022-06-14 18:08:00,삼성생명,"삼성생명, 전체 조합원 투표 임협 타결… 5.7% 인상",0
2022-06-14 17:54:00,삼성생명,"삼성생명 노사, 올 임금 5.7% 인상 합의",1
2022-06-14 17:49:00,삼성생명,"삼성생명, 첫 노조 전체투표 임금협상 타결...5.7% 인상",1
2022-06-14 17:29:00,삼성생명,"삼성생명, 조합원 전체투표로 임금 협상 타결",1
2022-06-14 11:28:00,삼성생명,삼성생명 노사 올 임금 5.7% 인상 합의 조합원 전체투표 통한 최초...,1
2022-06-14 09:24:00,삼성생명,"삼성생명, 첫 조합원 전체투표로 임금협상 타결… 5.7% 인상",0
2022-06-14 09:17:00,삼성생명,"삼성생명, 5.7% 임금협상 타결...조합원 투표 첫 합의",1
2022-06-14 09:07:00,삼성생명,"삼성생명, 첫 노조 전체투표 임금협상 타결…5.7% 인상",1
2022-06-14 08:53:00,삼성생명,"삼성생명, 첫 조합원 전체투표로 임금협상 타결…5.7% 인상",0
2022-06-14 08:39:00,삼성생명,"삼성생명, 조합원 전체투표 임금협상 타결…5.7% 인상",1
2022-06-14 08:02:00,삼성생명,"삼성생명, 첫 조합원 전체투표로 임금협상 타결…5.7% 인상",0
2022-06-14 17:54:00,삼성생명,"삼성생명 노사, 올 임금 5.7% 인상 합의",1
2022-06-14 17:49:00,삼성생명,"삼성생명, 첫 노조 전체투표 임금협상 타결...5.7% 인상",1
2022-06-14 17:29:00,삼성생명,"삼성생명, 조합원 전체투표로 임금 협상 타결",1
2022-06-14 11:28:00,삼성생명,삼성생명 노사 올 임금 5.7% 인상 합의 조합원 전체투표 통한 최초의...,1
2022-06-14 09:24:00,삼성생명,"삼성생명, 첫 조합원 전체투표로 임금협상 타결… 5.7% 인상",0
2022-06-14 09:17:00,삼성생명,"삼성생명, 5.7% 임금협상 타결...조합원 투표 첫 합의",1
2022-06-14 09:07:00,삼성생명,"삼성생명, 첫 노조 전체투표 임금협상 타결…5.7% 인상",1
2022-06-14 08:53:00,삼성생명,"삼성생명, 첫 조합원 전체투표로 임금협상 타결…5.7% 인상",0
2022-06-14 08:39:00,삼성생명,"삼성생명, 조합원 전체투표 임금협상 타결…5.7% 인상",1
2022-06-14 08:02:00,삼성생명,"삼성생명, 첫 조합원 전체투표로 임금협상 타결…5.7% 인상",0
